id_img,label
10052,angry
10065,happy
10079,neutral
10095,fear
10121,sad
10148,sad
10163,neutral
10215,angry
1024,happy
10286,happy
10315,sad
10336,disgust
10338,surprise
10371,sad
10382,neutral
10399,happy
10415,happy
10426,angry
10551,fear
10554,angry
10583,happy
10699,neutral
10702,sad
1071,neutral
10743,happy
10746,fear
10818,angry
10823,neutral
10825,sad
10839,angry
10854,sad
10970,neutral
11002,happy
11017,surprise
11024,angry
11028,happy
1106,surprise
11075,sad
11093,neutral
11096,fear
11158,sad
11169,surprise
11186,fear
11188,happy
11200,sad
1124,happy
11266,sad
1127,happy
11337,neutral
11342,neutral
11400,neutral
11421,happy
11467,neutral
11561,happy
11610,surprise
11613,sad
11632,neutral
11642,neutral
11675,fear
11694,happy
1177,happy
11813,neutral
11841,happy
11849,angry
11883,angry
11949,angry
11964,surprise
11986,happy
12136,angry
12144,happy
1215,surprise
12171,angry
12183,fear
12230,sad
12237,happy
12307,angry
1235,sad
12352,fear
12489,happy
12680,surprise
12695,happy
12733,happy
12808,angry
12810,fear
12841,happy
12842,angry
12851,sad
12928,sad
12945,fear
13029,neutral
13041,happy
13057,neutral
13059,angry
13092,neutral
13118,angry
13167,happy
13220,disgust
13267,fear
13279,sad
13334,surprise
13351,sad
13376,happy
13395,sad
1340,angry
13431,fear
1350,happy
13514,sad
13533,happy
13535,fear
1358,surprise
13582,neutral
13599,neutral
13607,happy
13671,fear
13672,sad
13738,fear
13758,angry
1386,happy
13890,surprise
13978,neutral
14022,happy
14030,happy
14058,angry
14108,fear
14118,sad
14120,neutral
14148,happy
14185,neutral
14206,sad
1422,sad
14243,happy
14315,angry
14329,fear
14357,fear
14376,happy
1438,happy
14381,happy
14421,sad
14438,neutral
14498,surprise
14557,neutral
1460,happy
14706,neutral
1477,angry
14775,neutral
14821,angry
14831,surprise
14870,neutral
14945,happy
15074,angry
1508,neutral
15138,angry
15172,surprise
15190,happy
15194,angry
15217,angry
15222,angry
15295,sad
15474,neutral
15500,sad
15502,surprise
1555,sad
15562,happy
15637,happy
15644,neutral
15654,sad
15699,sad
157,sad
15709,surprise
15712,fear
15715,surprise
15725,happy
1575,happy
15771,surprise
1582,neutral
15820,surprise
15821,fear
15835,neutral
1584,sad
15848,surprise
15897,angry
15919,happy
15941,angry
15954,surprise
15979,sad
16033,happy
16102,happy
16169,neutral
16222,happy
16233,sad
16287,fear
16292,neutral
16380,sad
16406,sad
16410,neutral
16413,surprise
16428,angry
16506,happy
16510,neutral
16557,happy
16565,surprise
16643,happy
16659,happy
16681,angry
16711,fear
1672,happy
16764,neutral
16768,neutral
16783,sad
16792,sad
16875,happy
16999,sad
17024,fear
17053,sad
17085,sad
17099,sad
17167,fear
1717,sad
17170,surprise
17186,sad
17209,fear
17211,sad
17228,neutral
17259,surprise
17316,neutral
17344,neutral
1736,neutral
17371,neutral
17413,sad
17428,neutral
17445,angry
17452,happy
17502,sad
17536,neutral
17647,neutral
17700,sad
17705,neutral
17731,happy
17735,fear
17736,fear
17752,sad
17787,surprise
17910,fear
17939,fear
18001,sad
18050,sad
18140,fear
18142,disgust
18161,happy
18166,angry
18183,fear
18200,angry
18247,neutral
1825,happy
18254,surprise
18284,happy
18376,angry
18380,angry
1841,fear
18415,neutral
18445,sad
18459,happy
18466,sad
18492,happy
18534,neutral
18565,angry
18566,disgust
18588,neutral
18593,sad
18602,happy
18617,angry
18633,neutral
18695,neutral
18715,sad
18779,happy
1880,angry
18810,neutral
18837,angry
18882,sad
18903,neutral
18949,fear
18983,sad
1899,sad
18994,surprise
19014,fear
19060,surprise
19067,neutral
1908,neutral
19093,sad
19108,angry
19114,sad
19115,happy
19140,sad
19152,happy
19268,fear
19292,surprise
19309,happy
19392,neutral
19476,happy
19477,sad
19485,happy
1966,fear
19664,sad
19732,angry
19811,happy
1983,angry
19832,fear
19877,sad
19906,surprise
19923,neutral
1994,fear
19950,sad
19961,happy
2006,surprise
20222,neutral
20227,surprise
20287,fear
20290,angry
20298,sad
20303,neutral
20312,sad
20328,happy
20353,neutral
20374,happy
20451,neutral
2050,happy
20505,sad
20532,disgust
2055,happy
20629,fear
20630,neutral
20635,happy
20640,happy
20653,happy
20673,surprise
20686,fear
20736,neutral
20739,angry
20796,happy
20817,happy
20849,sad
21068,sad
21099,neutral
21111,sad
21131,happy
21135,fear
21161,happy
2117,sad
21173,neutral
21284,happy
21371,angry
21374,fear
2142,happy
21447,neutral
21472,angry
21511,happy
21512,disgust
21520,happy
21541,neutral
21573,happy
21670,fear
21703,neutral
21723,happy
21782,neutral
21836,neutral
21865,surprise
21916,angry
21921,surprise
21922,neutral
2194,sad
22089,neutral
22183,neutral
22184,angry
22198,fear
2225,neutral
22309,happy
22334,surprise
22375,happy
22516,angry
22695,sad
22733,sad
22739,sad
22789,happy
22807,angry
22810,sad
22832,angry
2290,neutral
22990,surprise
23,happy
23008,happy
23041,angry
23059,happy
23085,sad
23164,sad
23194,happy
23215,neutral
23230,sad
23246,happy
23327,sad
23404,happy
23468,angry
23473,happy
23488,sad
23521,neutral
23532,happy
23749,angry
23780,neutral
23783,fear
23814,sad
23847,angry
23886,happy
24067,surprise
2407,angry
24071,happy
24176,angry
24184,surprise
24252,angry
24378,neutral
24412,sad
24428,sad
24435,neutral
24437,angry
24441,happy
24466,neutral
24490,happy
245,sad
24501,surprise
24542,fear
24660,angry
24678,neutral
24711,happy
24789,neutral
24797,surprise
24819,fear
24821,angry
2484,fear
2486,sad
2487,fear
24886,happy
249,sad
24959,sad
24967,angry
2498,sad
24992,happy
25082,happy
25088,happy
251,angry
25101,neutral
2511,angry
25131,sad
25144,sad
25209,fear
25255,neutral
25343,angry
25360,neutral
25435,happy
25528,sad
25542,neutral
2557,surprise
2558,sad
25612,happy
25681,neutral
25688,sad
25778,happy
25795,sad
2581,happy
25811,surprise
25813,surprise
25844,neutral
25874,happy
25876,neutral
25886,neutral
25891,sad
259,angry
25944,neutral
25973,happy
26025,happy
26038,happy
26059,neutral
26121,fear
26124,sad
26137,neutral
26163,angry
26175,fear
26177,happy
26181,sad
26185,happy
26248,happy
26264,happy
26267,sad
26337,neutral
26344,happy
26437,happy
26446,happy
26462,sad
26572,surprise
26597,fear
26618,happy
26620,happy
2668,happy
26725,happy
26789,happy
26845,angry
26860,surprise
26886,happy
26899,angry
26900,surprise
26919,neutral
26928,happy
26956,neutral
27016,neutral
27022,angry
27054,sad
2709,happy
2712,happy
27284,happy
27296,happy
27385,surprise
27413,sad
27464,happy
27483,disgust
27544,neutral
2762,neutral
27652,neutral
2770,happy
27704,surprise
27715,surprise
27726,neutral
27744,sad
27770,happy
27777,sad
27798,surprise
27828,sad
2791,sad
27967,surprise
27982,happy
28015,sad
28058,surprise
28062,neutral
28120,neutral
28144,happy
28148,sad
28149,fear
28207,fear
28248,sad
28288,surprise
28300,happy
28401,happy
28438,happy
28498,angry
28509,happy
28543,happy
28547,sad
28560,fear
28585,neutral
28614,happy
28618,happy
28620,sad
28660,surprise
28707,angry
28720,sad
28731,neutral
28737,sad
28743,neutral
28749,sad
28800,happy
28840,neutral
28867,angry
28884,angry
2890,sad
28932,neutral
28952,surprise
29085,sad
29119,angry
29132,fear
29202,surprise
29266,happy
29319,angry
2933,angry
29414,fear
29471,surprise
29477,sad
29493,fear
29523,surprise
29527,happy
29554,happy
29571,happy
29581,happy
29588,neutral
29614,angry
29669,sad
29685,angry
29730,neutral
298,angry
29818,disgust
29866,angry
29929,angry
29931,neutral
29947,happy
29977,neutral
29980,neutral
30002,happy
30004,sad
30015,sad
30024,surprise
30058,happy
30059,happy
30082,sad
30085,sad
30171,neutral
3021,angry
30260,angry
30273,happy
30290,happy
30305,happy
30320,neutral
30325,fear
30394,surprise
30415,sad
30420,neutral
30456,fear
30458,sad
30460,happy
30490,neutral
30509,surprise
30535,sad
30563,angry
30584,happy
30619,angry
30901,angry
30933,neutral
30944,surprise
3099,angry
31033,neutral
31042,neutral
31081,happy
31083,surprise
31138,happy
31142,angry
31203,neutral
3121,sad
3137,surprise
31491,happy
31529,happy
31544,sad
31609,angry
31635,fear
31693,angry
31703,neutral
3176,happy
31849,surprise
3186,fear
31873,happy
3188,fear
31928,happy
32023,sad
32024,neutral
32153,neutral
32161,angry
32223,neutral
32231,sad
3226,sad
32278,sad
32281,neutral
32298,happy
32336,happy
32352,surprise
32367,happy
32454,angry
32464,happy
32473,surprise
3248,sad
32481,happy
32506,neutral
32512,neutral
32575,angry
32584,fear
32617,fear
32662,angry
32755,sad
32777,happy
33015,surprise
3303,fear
33105,sad
33131,angry
33221,angry
3327,fear
33301,angry
33308,neutral
3334,happy
33352,sad
33444,neutral
33450,sad
33459,happy
33494,happy
33560,sad
33573,happy
33633,neutral
33666,sad
3370,happy
33729,sad
3377,disgust
338,neutral
33809,sad
33829,happy
33890,neutral
33924,neutral
33926,neutral
3393,angry
33935,sad
33977,neutral
33987,happy
33998,neutral
34036,neutral
34040,neutral
3412,happy
34138,happy
34151,fear
34175,neutral
34178,neutral
34184,sad
34238,sad
34259,happy
34352,happy
34359,surprise
34363,angry
34448,happy
34474,fear
3449,sad
34507,sad
34581,sad
34592,neutral
34596,neutral
34620,neutral
3467,happy
34714,happy
34778,sad
34879,sad
35009,fear
35010,surprise
35028,happy
35041,happy
35059,sad
35145,neutral
35149,angry
35162,angry
35210,surprise
3522,surprise
35261,sad
35298,happy
35407,neutral
35425,sad
35439,fear
35447,happy
35514,angry
3558,angry
3564,fear
35669,happy
35681,sad
35682,happy
35731,angry
35753,angry
35805,sad
35809,sad
35820,angry
35828,happy
35881,happy
35884,neutral
3599,surprise
3632,neutral
377,sad
38,sad
3802,neutral
3819,neutral
3839,sad
3862,sad
3870,happy
3913,surprise
4015,sad
404,fear
4060,angry
4077,fear
4100,fear
4196,fear
4229,surprise
4306,sad
4317,fear
4324,neutral
4349,happy
4384,happy
4396,sad
4397,happy
4459,sad
4468,sad
4502,surprise
4579,happy
4616,neutral
4637,surprise
4660,happy
4665,happy
4670,sad
4700,fear
4751,neutral
4807,sad
4878,happy
4937,sad
5010,happy
5060,sad
5064,neutral
521,happy
5220,happy
5233,surprise
5244,neutral
5259,fear
5312,happy
5317,sad
5400,neutral
5422,fear
5432,sad
5434,happy
5459,surprise
5519,happy
5564,sad
5570,sad
5582,angry
5607,neutral
5610,neutral
5637,happy
5732,sad
5739,sad
5780,happy
5810,happy
5822,angry
5859,sad
5883,happy
5888,surprise
589,fear
5902,fear
5962,sad
6009,sad
6017,happy
6075,angry
608,fear
6088,happy
6119,happy
6129,angry
6155,happy
6225,sad
6232,happy
624,neutral
6274,fear
6278,angry
6283,angry
6321,angry
633,happy
6347,neutral
6364,sad
6365,neutral
6375,sad
6390,happy
6420,neutral
6426,happy
6471,neutral
6484,sad
65,surprise
654,fear
6547,disgust
6555,happy
6561,happy
6566,surprise
6580,neutral
6581,angry
6584,neutral
6618,neutral
6621,angry
665,surprise
6652,fear
6726,happy
6739,angry
6745,surprise
676,neutral
6766,sad
6809,sad
6890,happy
6923,neutral
6955,happy
6965,neutral
7015,happy
7056,happy
7103,happy
7136,neutral
7174,angry
7219,sad
7257,neutral
7261,angry
727,sad
7284,angry
7291,sad
7409,sad
7492,angry
7550,sad
7559,happy
7589,neutral
764,sad
7655,fear
7668,happy
7729,happy
7777,fear
7793,happy
7811,surprise
7886,neutral
7919,happy
7937,happy
7979,sad
8000,fear
8001,angry
8052,surprise
8096,neutral
8103,angry
8130,happy
8151,neutral
816,angry
8267,happy
8275,neutral
8299,happy
8402,surprise
842,angry
854,happy
8555,neutral
8581,sad
8593,sad
861,sad
8661,neutral
8685,sad
8719,happy
8734,fear
8902,happy
8916,neutral
8969,sad
9012,fear
9059,happy
9100,neutral
9156,fear
9266,angry
9293,sad
9331,happy
9400,sad
9567,happy
9615,neutral
966,sad
9691,neutral
9698,surprise
9715,fear
9748,neutral
9785,neutral
9802,sad
9811,sad
9862,fear
9884,sad
9931,happy
10053,angry
10435,neutral
10532,sad
1115,sad
11222,angry
11529,neutral
11639,happy
12417,sad
12753,fear
13372,neutral
13597,happy
13652,sad
13847,surprise
14041,sad
14869,fear
14954,sad
14958,neutral
15110,happy
16021,angry
16054,sad
16121,happy
16264,angry
16718,fear
17260,fear
18077,happy
1843,surprise
18464,angry
18716,fear
19649,sad
19734,surprise
19770,sad
19801,surprise
19831,happy
20761,neutral
21744,angry
21765,neutral
21851,sad
22320,sad
2275,happy
23141,happy
23153,neutral
23665,happy
23876,neutral
24578,happy
25267,sad
25538,neutral
25541,neutral
26859,sad
2732,fear
2742,happy
28332,surprise
28390,angry
28710,neutral
28987,sad
29158,sad
29269,sad
30347,sad
30428,fear
30499,neutral
30601,neutral
30719,sad
30761,angry
30907,happy
3101,fear
31232,happy
31323,fear
31796,happy
31828,neutral
32487,happy
32681,neutral
33209,angry
33284,neutral
33561,angry
33670,happy
33995,surprise
34022,angry
34432,neutral
34505,fear
34519,fear
3521,neutral
35376,surprise
35580,happy
3690,fear
3778,surprise
4002,happy
4004,happy
4265,surprise
4312,neutral
4481,surprise
4737,happy
5085,neutral
533,happy
573,neutral
6231,fear
6926,happy
7068,sad
7192,angry
7405,sad
7455,sad
7592,happy
7835,surprise
807,neutral
8415,neutral
8585,disgust
8726,happy
8893,neutral
8948,neutral
9043,sad
9297,fear
9460,fear
9504,angry
10029,neutral
10043,happy
10044,fear
1008,fear
10099,neutral
101,sad
10189,fear
10263,surprise
10267,happy
10278,angry
10292,fear
10355,sad
10409,neutral
10437,angry
10443,fear
10445,happy
10458,sad
10489,neutral
10493,happy
10534,angry
1075,angry
10758,happy
1079,happy
10797,angry
10832,happy
10933,surprise
10944,surprise
10968,neutral
10979,neutral
11030,fear
11036,surprise
11039,sad
11054,neutral
11057,happy
11104,sad
11112,fear
11137,fear
11143,happy
11146,neutral
1116,sad
1128,sad
1133,happy
11353,happy
11360,happy
1137,neutral
11381,sad
11412,happy
11416,angry
11471,angry
11536,surprise
1154,happy
11559,angry
11587,neutral
11653,sad
11682,surprise
11687,happy
1169,surprise
11704,neutral
11706,happy
11727,happy
11729,sad
11747,happy
11754,happy
11774,happy
11816,happy
11855,sad
11904,happy
1193,neutral
11944,happy
11968,neutral
11999,neutral
12063,surprise
12125,happy
12255,sad
12259,fear
12313,surprise
12334,neutral
12350,angry
12383,sad
12431,surprise
12440,surprise
12472,neutral
12496,happy
12527,angry
12578,sad
12592,happy
12634,fear
12674,happy
12676,happy
12698,surprise
12712,fear
12737,neutral
12809,surprise
12891,angry
12948,sad
12986,fear
12988,neutral
13067,fear
13071,angry
131,angry
13114,neutral
13121,happy
13152,sad
13179,sad
13233,neutral
1325,happy
13250,happy
13252,sad
13301,fear
13306,sad
13308,surprise
13310,happy
13362,happy
13394,angry
13405,surprise
1343,surprise
13482,happy
13486,angry
13518,neutral
13549,sad
13561,neutral
13585,fear
13587,surprise
13593,sad
13596,sad
13638,fear
13664,happy
1367,angry
13683,happy
13694,happy
13798,sad
13855,fear
1389,disgust
13899,happy
13913,angry
13921,sad
13928,neutral
13933,surprise
13939,sad
13965,sad
13971,angry
1401,neutral
14011,angry
14033,angry
14037,happy
14044,neutral
14057,happy
14082,angry
1410,fear
14114,surprise
14117,surprise
14268,neutral
1429,happy
14306,happy
1441,sad
14444,neutral
14452,sad
14509,fear
14529,sad
14551,sad
14605,happy
14620,neutral
14637,angry
1465,happy
14722,angry
1474,sad
14744,fear
14747,fear
14786,sad
14789,happy
148,angry
1485,sad
14891,disgust
14987,happy
15001,angry
15012,angry
15040,fear
1506,sad
15088,sad
15134,angry
15191,surprise
15198,angry
15260,sad
15268,happy
15279,happy
15280,happy
1534,angry
15503,neutral
15539,fear
15544,neutral
15578,angry
15615,angry
15622,sad
15663,fear
15668,fear
15678,sad
1576,happy
15778,fear
15859,happy
15870,sad
15881,sad
15921,happy
15950,sad
15984,happy
1599,fear
15999,sad
16039,happy
1606,happy
16071,neutral
16113,angry
16134,neutral
16226,happy
16277,sad
16318,happy
16330,surprise
16346,neutral
16374,happy
16395,disgust
16429,fear
16440,surprise
16450,fear
16486,happy
16489,happy
16501,happy
16503,angry
16523,surprise
16539,happy
1654,sad
16559,happy
1657,sad
1660,sad
16609,sad
16632,surprise
16674,sad
16775,surprise
16788,happy
16802,sad
16811,angry
16830,happy
16915,fear
16930,happy
16954,surprise
16977,happy
16990,angry
17105,sad
17107,happy
17114,fear
17180,neutral
17191,neutral
17213,surprise
17217,sad
1722,fear
17236,neutral
1727,sad
17314,happy
17334,fear
17369,happy
17449,angry
17479,disgust
17503,neutral
17550,surprise
17558,sad
1756,surprise
17587,happy
17631,sad
17668,angry
17685,happy
17707,angry
17710,neutral
17762,sad
17816,neutral
17831,happy
17834,sad
17901,sad
17930,surprise
17932,sad
17934,sad
1796,happy
1799,happy
18006,happy
18010,neutral
18068,sad
18073,neutral
18104,sad
18106,neutral
18108,sad
18117,fear
18148,sad
18203,neutral
18291,sad
18299,neutral
18309,surprise
18317,neutral
18325,fear
18336,neutral
18364,fear
1838,surprise
18404,sad
18513,sad
18517,happy
18523,happy
18527,sad
18542,sad
18569,fear
1857,neutral
18574,sad
18641,neutral
18713,sad
1873,fear
18753,sad
18757,sad
18763,happy
18905,happy
18908,angry
18911,happy
18960,happy
18974,sad
18976,happy
18984,fear
19000,angry
19020,happy
19064,sad
19089,fear
19119,fear
19188,happy
19216,sad
19226,fear
19235,happy
19252,fear
1929,angry
19349,neutral
1939,happy
19454,neutral
19473,happy
19497,happy
19559,happy
19599,happy
19612,sad
19644,sad
19682,happy
19740,happy
19754,neutral
19810,disgust
19841,angry
1986,surprise
19888,happy
19896,happy
19897,neutral
19995,angry
200,happy
20037,happy
20058,happy
20062,sad
20083,sad
20135,happy
20194,sad
20214,fear
20265,angry
20337,sad
20411,neutral
20424,neutral
20450,fear
20461,angry
2047,happy
20476,sad
20495,happy
20508,sad
20526,happy
20579,neutral
20598,neutral
20617,happy
20715,sad
20831,neutral
20843,surprise
20851,angry
20897,angry
20970,neutral
2098,sad
21,neutral
21070,angry
21101,happy
21102,neutral
21227,angry
21230,angry
21250,fear
21269,neutral
21280,sad
21352,neutral
21360,sad
21387,sad
21420,sad
21464,surprise
21499,happy
21500,neutral
21556,surprise
21559,neutral
21598,happy
21615,happy
21654,fear
21686,happy
21697,happy
2178,surprise
21833,happy
21858,angry
21877,happy
21946,sad
21967,surprise
22050,angry
22074,surprise
22102,angry
22130,happy
22166,fear
2226,sad
22326,neutral
22349,fear
224,neutral
22458,surprise
22485,happy
22520,happy
22607,angry
22640,surprise
22662,neutral
22756,happy
22791,sad
22827,happy
22839,fear
22840,neutral
22917,happy
22944,sad
22988,happy
22997,angry
23038,fear
23083,neutral
23100,happy
23126,neutral
23142,fear
23184,fear
23192,happy
23209,sad
23260,neutral
23305,fear
23332,surprise
23362,angry
23368,happy
23389,happy
23403,neutral
23427,angry
23447,angry
23463,neutral
23477,surprise
23517,fear
23540,disgust
23561,happy
23566,fear
2357,happy
23718,sad
23731,surprise
23767,angry
23778,happy
2378,angry
23791,angry
2391,neutral
24016,fear
24035,angry
24088,fear
24089,fear
24131,happy
2416,sad
24165,neutral
24185,happy
24213,fear
24220,neutral
2426,happy
24452,neutral
24479,sad
24482,angry
24539,angry
24554,fear
24562,angry
24579,neutral
24621,sad
24625,neutral
24694,sad
24721,surprise
24753,sad
24763,sad
24778,angry
24822,surprise
24880,sad
24948,sad
24963,sad
24978,happy
24991,neutral
25045,sad
25046,neutral
25061,angry
25074,sad
25108,surprise
25109,happy
25133,neutral
25162,sad
25191,neutral
25202,neutral
25220,sad
25242,neutral
25247,angry
25298,fear
25306,happy
25327,happy
25359,happy
25439,disgust
25481,happy
25496,surprise
25555,neutral
25570,sad
25577,sad
25590,neutral
25605,neutral
25621,fear
25638,sad
25647,happy
25710,sad
258,sad
25820,happy
25914,surprise
2592,fear
2593,happy
26082,happy
26091,happy
26097,happy
26131,fear
26210,angry
26250,sad
26275,happy
26283,neutral
26363,sad
26377,happy
26385,angry
26394,angry
264,happy
26402,happy
26409,sad
2641,happy
26454,neutral
26469,happy
2651,fear
2657,fear
26582,angry
26726,sad
2681,neutral
26842,sad
26895,neutral
26916,surprise
26927,neutral
26973,happy
26980,surprise
270,happy
27006,sad
27077,angry
27094,surprise
27098,angry
27103,happy
27145,neutral
27300,neutral
27308,fear
27359,sad
27363,happy
27369,happy
27488,happy
27503,fear
27509,happy
27591,surprise
27635,happy
27709,neutral
27764,happy
27772,happy
27806,angry
27846,neutral
27868,fear
27889,sad
2789,angry
27899,sad
27910,happy
27937,fear
28050,neutral
28101,sad
28189,disgust
28210,angry
28243,angry
28267,sad
28308,neutral
28331,sad
28417,neutral
28453,sad
28503,happy
28515,sad
28548,angry
2858,sad
2860,angry
28627,neutral
28701,angry
28704,happy
28724,neutral
28729,neutral
28734,angry
28859,happy
29005,happy
29026,happy
29027,neutral
29043,surprise
2906,neutral
29068,happy
29126,neutral
29152,sad
29219,fear
2927,happy
29284,fear
29285,angry
29291,sad
29315,surprise
29327,happy
29349,fear
29389,neutral
29478,neutral
29528,happy
29536,angry
29603,surprise
29629,sad
29674,neutral
297,neutral
29701,sad
29709,surprise
29713,sad
29720,sad
29731,fear
29733,happy
29735,happy
29738,neutral
29795,surprise
29869,happy
2987,neutral
29871,happy
2988,surprise
29892,sad
29912,fear
29924,neutral
29990,neutral
3000,surprise
30062,angry
30074,happy
30196,fear
30206,fear
30237,fear
30253,angry
30316,surprise
30333,angry
3036,fear
30482,angry
30564,surprise
3057,happy
30594,happy
30638,neutral
30735,happy
30774,fear
30798,happy
3087,surprise
30936,angry
31007,happy
31105,neutral
31107,sad
31116,disgust
3112,neutral
31130,sad
31157,surprise
31159,angry
31188,sad
3124,happy
31286,happy
31330,angry
31341,happy
31357,happy
31375,happy
31395,angry
31398,sad
314,angry
31421,happy
31461,sad
31526,happy
31535,happy
31569,sad
31625,fear
31638,neutral
31655,angry
3170,surprise
31738,neutral
31782,happy
31821,happy
31855,fear
31860,surprise
31866,neutral
31903,neutral
31916,happy
31940,surprise
31954,neutral
31973,surprise
31979,fear
32076,neutral
32097,angry
32103,sad
32180,neutral
32279,sad
32323,sad
32349,neutral
32351,neutral
32438,neutral
32461,sad
32463,angry
32485,fear
32507,sad
32551,sad
32569,happy
32619,neutral
32623,neutral
32642,surprise
32682,happy
32688,happy
3269,fear
32692,angry
32696,sad
32758,happy
32766,disgust
32799,neutral
32829,neutral
32876,happy
32879,happy
32889,angry
32931,sad
32940,sad
32941,disgust
32946,disgust
3296,sad
3297,happy
32996,sad
33007,happy
33051,happy
33097,happy
3314,sad
33215,fear
33258,happy
33299,happy
33358,angry
33390,happy
33410,surprise
33419,neutral
33440,fear
33490,sad
33519,happy
33535,sad
33548,fear
33559,fear
33587,neutral
33608,sad
33617,neutral
33644,surprise
33673,happy
33674,angry
33701,neutral
33718,happy
33806,fear
33855,sad
3391,neutral
33919,disgust
33940,surprise
340,happy
3402,angry
34024,angry
34063,angry
3409,sad
34097,surprise
341,neutral
34100,neutral
34117,surprise
34120,surprise
34143,angry
34201,surprise
34277,fear
34325,happy
34356,neutral
34382,happy
34396,surprise
34415,angry
34462,happy
34465,angry
34522,happy
34545,happy
34613,neutral
34656,surprise
34659,neutral
34675,sad
3472,angry
34730,angry
34755,sad
34878,happy
34897,surprise
34968,sad
34972,sad
35022,happy
35120,surprise
35151,sad
35202,sad
35207,fear
35230,neutral
35238,angry
35250,happy
35257,neutral
35279,sad
35322,angry
35334,angry
35362,happy
35363,neutral
35394,sad
35410,happy
35427,happy
35453,angry
35541,neutral
35592,happy
35629,sad
3565,happy
35697,surprise
35709,surprise
3584,happy
35851,sad
3601,happy
3645,angry
365,happy
3709,sad
3714,angry
3719,happy
3722,sad
3736,happy
3739,fear
3742,fear
3783,neutral
3785,sad
3836,surprise
3837,sad
3985,neutral
4033,neutral
4040,sad
4064,happy
4098,happy
414,happy
418,happy
4200,happy
4217,neutral
4234,sad
4296,disgust
4308,neutral
4316,happy
4340,angry
4411,sad
4453,angry
4516,angry
452,sad
4523,angry
454,angry
4540,sad
4547,happy
460,happy
4650,happy
4821,happy
483,fear
4858,happy
4901,sad
4917,neutral
4975,surprise
4979,happy
4986,sad
500,happy
5023,happy
504,fear
507,sad
5074,happy
5097,fear
5117,fear
5184,sad
5222,fear
5253,angry
5263,sad
5283,happy
5360,angry
538,surprise
546,neutral
5472,disgust
5514,sad
5567,happy
5622,happy
5638,neutral
5654,happy
5717,happy
5736,surprise
5809,fear
5858,surprise
5957,neutral
5961,happy
5989,angry
5992,happy
6035,happy
6037,neutral
6054,surprise
6059,fear
6062,neutral
6064,fear
6091,sad
6106,happy
6152,fear
6153,happy
6176,neutral
6179,happy
6214,neutral
6311,happy
6345,fear
6346,neutral
6366,fear
6469,happy
6495,sad
6515,angry
6608,neutral
6732,happy
6747,surprise
6808,angry
6814,happy
6876,neutral
689,happy
6902,sad
6909,fear
6973,sad
6988,neutral
7027,sad
7038,neutral
7102,sad
712,surprise
7129,happy
7146,sad
7150,happy
7158,angry
7182,surprise
7270,happy
7271,happy
729,happy
73,surprise
7302,neutral
7305,sad
7350,happy
7394,neutral
741,happy
7517,happy
7542,happy
7580,angry
7681,neutral
7684,angry
7748,sad
7749,neutral
7756,happy
7786,sad
7819,neutral
7846,sad
7875,surprise
7894,happy
794,happy
7980,happy
8035,fear
8040,neutral
8043,happy
8067,sad
8119,angry
8163,angry
8177,sad
8178,happy
8239,neutral
8350,sad
8433,happy
8454,fear
8474,happy
8481,neutral
85,happy
8556,happy
859,fear
8611,happy
8637,sad
8645,neutral
8672,angry
872,happy
8754,sad
8795,happy
8797,angry
8818,sad
886,neutral
9037,neutral
9040,neutral
9101,neutral
911,neutral
9179,neutral
9205,surprise
9232,happy
9251,angry
9261,happy
9281,happy
9302,surprise
9333,neutral
9369,sad
9370,neutral
9474,sad
949,angry
9602,happy
9606,neutral
9842,sad
9898,surprise
10019,angry
10023,neutral
10074,happy
10096,surprise
10106,happy
10126,sad
10138,happy
10141,angry
1020,happy
10218,happy
10237,happy
10248,happy
10257,neutral
1027,neutral
10273,sad
10276,neutral
10312,disgust
10317,disgust
10344,happy
10362,angry
10367,happy
10370,happy
10432,happy
10456,sad
10467,surprise
10468,happy
10480,disgust
10528,sad
10540,happy
10552,happy
1056,sad
10571,angry
1058,disgust
10622,fear
10638,sad
10640,angry
10644,sad
10647,fear
10683,sad
10703,fear
1074,happy
10770,fear
10773,sad
10792,fear
1081,sad
10811,neutral
10841,neutral
10879,angry
10903,sad
10935,sad
10956,happy
10992,fear
11019,happy
1111,neutral
11150,angry
11208,fear
1121,sad
11236,happy
1130,surprise
11345,angry
11349,sad
11392,sad
1141,neutral
11500,sad
11508,happy
11516,happy
1152,happy
11530,happy
11549,happy
11552,angry
11558,fear
11573,sad
11575,sad
11588,neutral
1159,happy
11594,fear
11604,sad
11614,sad
11637,neutral
11646,happy
11658,neutral
11717,happy
11733,happy
11763,neutral
11766,happy
11772,neutral
11785,fear
11793,happy
11808,surprise
11814,happy
11819,fear
11835,angry
11842,happy
11850,sad
11885,sad
11927,fear
12011,happy
1202,fear
12024,neutral
12098,happy
12120,happy
12129,happy
12141,happy
12191,fear
12239,happy
12257,surprise
12284,surprise
12321,neutral
12329,happy
12349,neutral
12359,surprise
12376,happy
12379,surprise
12381,sad
12410,happy
1246,happy
12487,fear
12492,sad
12497,fear
12557,happy
12560,happy
12581,happy
12600,sad
12611,neutral
12672,happy
12705,happy
12725,angry
12729,angry
12772,fear
12776,happy
12789,happy
12861,happy
12904,neutral
12936,surprise
12951,happy
12956,happy
12957,sad
13037,neutral
13073,happy
1309,surprise
13105,neutral
13108,angry
13127,surprise
13139,sad
13151,fear
1316,sad
13204,angry
13228,angry
13283,neutral
13317,happy
13322,angry
1334,sad
13348,angry
13353,happy
13363,angry
13366,happy
13385,surprise
1341,fear
13427,angry
13428,surprise
13449,angry
13456,happy
13476,surprise
13502,sad
13526,sad
13528,neutral
13570,surprise
13584,sad
13590,happy
13615,neutral
13618,angry
13655,happy
13703,neutral
13706,neutral
13715,happy
13757,surprise
13761,neutral
13792,fear
13802,surprise
1381,angry
13833,angry
13848,sad
13874,angry
13877,happy
139,sad
13911,angry
13912,happy
13925,angry
1395,happy
13955,surprise
13968,angry
13969,sad
13991,sad
14063,happy
14092,happy
141,angry
14139,fear
14152,happy
14155,sad
14169,angry
14236,sad
14278,happy
14282,sad
14292,happy
14310,fear
14314,fear
14327,happy
14348,happy
14360,surprise
14371,sad
14378,sad
14419,fear
14427,happy
14448,angry
14473,surprise
14475,happy
14516,neutral
14517,neutral
14518,angry
14546,neutral
14586,angry
14593,happy
14611,angry
14700,sad
14730,angry
14757,sad
14759,neutral
14792,neutral
14877,happy
1491,angry
14965,angry
14973,angry
15039,neutral
15060,neutral
15077,neutral
15099,happy
1512,happy
15147,angry
15181,happy
15212,surprise
15216,angry
15221,angry
15229,sad
15257,surprise
15269,happy
15271,sad
15292,disgust
15310,surprise
15323,surprise
15331,neutral
15335,surprise
1538,happy
15397,happy
15400,neutral
15409,sad
15426,angry
15432,fear
15438,sad
15443,happy
15455,sad
15494,surprise
15520,neutral
15523,happy
15589,happy
15616,happy
15621,neutral
15677,surprise
15708,happy
15758,neutral
15767,sad
15791,sad
15843,surprise
15854,neutral
15885,fear
15910,happy
15966,neutral
15976,surprise
15983,happy
16037,happy
16042,happy
16064,neutral
16076,happy
16081,sad
16106,fear
16108,fear
16120,neutral
16141,sad
16192,sad
16198,angry
16238,happy
16275,happy
1628,surprise
16308,happy
16370,fear
16375,happy
1640,sad
16407,happy
16423,sad
16444,happy
16460,fear
16511,happy
16550,happy
16562,sad
16583,surprise
16588,angry
16596,fear
16604,surprise
16611,surprise
16619,fear
16633,fear
16649,sad
16667,neutral
16699,happy
167,happy
1670,sad
16700,fear
16712,surprise
16734,neutral
16738,angry
16751,happy
16752,fear
16759,angry
16770,fear
16795,happy
16799,surprise
16809,fear
16818,surprise
16952,surprise
16967,surprise
16971,angry
1699,neutral
17002,neutral
17007,surprise
17010,angry
17021,happy
17022,happy
17032,surprise
1704,sad
17041,sad
1707,neutral
17098,fear
17104,neutral
17117,surprise
17188,happy
17194,angry
17207,surprise
17220,sad
17319,happy
17367,neutral
17381,surprise
17397,angry
17402,happy
17447,angry
17462,happy
17470,neutral
17484,surprise
17485,neutral
17494,angry
17498,happy
17506,surprise
17524,happy
17541,happy
17543,neutral
17552,happy
17609,neutral
17624,happy
17654,sad
1768,neutral
17682,neutral
17684,happy
17692,happy
17694,sad
17698,sad
1770,happy
17715,happy
17772,sad
17799,happy
17802,happy
17821,neutral
1787,happy
17904,sad
1793,surprise
17936,sad
18016,happy
18018,disgust
18025,surprise
18033,angry
18037,fear
18080,sad
18082,fear
1815,neutral
18165,happy
18173,fear
18205,neutral
18226,fear
18237,sad
18245,happy
18249,surprise
18250,sad
18256,surprise
18259,neutral
18297,angry
18308,happy
18383,neutral
18405,angry
18424,neutral
18425,happy
18442,neutral
18443,angry
18471,angry
18476,angry
18483,fear
18487,surprise
18503,happy
18505,sad
18531,surprise
18541,happy
18556,neutral
18568,surprise
18578,neutral
18655,fear
18662,neutral
1869,neutral
187,neutral
18700,neutral
18729,fear
18783,sad
18822,happy
18827,surprise
18834,surprise
18835,neutral
18849,happy
18861,happy
1887,fear
18873,happy
18885,happy
18898,angry
18904,happy
18930,fear
18944,happy
18948,sad
18952,neutral
19008,happy
19012,sad
19025,sad
19056,surprise
19062,sad
19063,angry
19074,neutral
19105,happy
19127,happy
19130,neutral
19132,angry
19137,happy
19148,angry
19160,neutral
19162,sad
1919,angry
192,surprise
1920,neutral
19210,angry
19245,happy
19263,fear
19269,sad
19284,disgust
19291,sad
19317,fear
19318,happy
19323,fear
19346,angry
19357,happy
19370,happy
19377,neutral
19378,surprise
1938,sad
19398,sad
19402,happy
19438,neutral
19449,surprise
19478,happy
19492,fear
19496,surprise
19499,happy
19514,neutral
1953,happy
19536,happy
19548,sad
19568,neutral
19589,neutral
19597,neutral
196,angry
19600,happy
19605,fear
19668,happy
19680,surprise
19696,surprise
19700,happy
19709,surprise
19711,neutral
1974,sad
19744,neutral
19747,happy
19748,sad
19768,fear
19803,happy
19837,fear
19883,surprise
19889,sad
19918,neutral
19957,fear
19958,fear
19962,sad
19968,surprise
2001,sad
20023,surprise
20025,sad
20032,neutral
20039,surprise
20048,sad
20091,surprise
20111,sad
2012,surprise
20120,neutral
20122,happy
20140,happy
20155,surprise
20165,neutral
20181,neutral
20196,sad
20208,sad
20213,neutral
20216,fear
20218,happy
20229,neutral
20239,angry
20252,happy
20267,happy
20285,happy
20296,sad
20318,neutral
20355,angry
20365,neutral
20371,surprise
20377,fear
20412,surprise
20430,sad
20445,happy
20490,happy
20500,happy
20507,neutral
20519,surprise
20547,angry
20561,happy
20567,fear
2058,happy
20580,happy
20595,happy
20616,angry
2064,happy
20666,neutral
20675,sad
20684,happy
20685,sad
2069,sad
20745,fear
20821,neutral
20829,neutral
20850,happy
20857,fear
20865,happy
20866,sad
20889,happy
20918,neutral
20941,sad
20945,surprise
20949,sad
20958,happy
20972,happy
20984,angry
20988,fear
20994,sad
210,surprise
21006,sad
21027,angry
21033,neutral
21077,surprise
21097,happy
21098,happy
21120,happy
21143,happy
21177,happy
21185,sad
2120,neutral
21200,surprise
2122,happy
21235,sad
21292,happy
213,happy
21305,sad
21316,sad
21348,happy
2135,surprise
2137,neutral
21376,neutral
21384,sad
21394,sad
21439,happy
21441,neutral
21460,angry
21473,sad
21483,sad
21501,neutral
2152,angry
21524,happy
21538,happy
21574,neutral
2159,sad
21593,surprise
21602,happy
21605,sad
21618,fear
21699,angry
21708,happy
21750,surprise
21778,happy
21783,surprise
21787,happy
2182,happy
21825,sad
21835,happy
2184,angry
21846,happy
21876,neutral
21899,neutral
21927,happy
21942,happy
21943,happy
21961,happy
21990,happy
2204,happy
22056,neutral
22064,sad
22080,neutral
22097,neutral
22111,sad
22138,fear
22140,neutral
22150,fear
22154,surprise
22178,sad
22179,happy
22191,neutral
22194,angry
22201,neutral
22247,angry
22289,neutral
22290,happy
22301,neutral
2231,neutral
22340,angry
22346,happy
22347,sad
22351,sad
22380,happy
22388,happy
22395,neutral
22424,happy
22459,happy
22466,fear
22506,neutral
22532,fear
22545,neutral
22560,happy
22574,sad
22600,happy
22604,neutral
22612,angry
22614,angry
22671,fear
22679,happy
22711,happy
22750,neutral
22754,angry
22763,angry
22778,neutral
22784,happy
22804,neutral
22805,fear
2282,happy
22834,happy
2284,surprise
22863,happy
2287,surprise
22894,fear
22900,sad
22910,neutral
2293,happy
22935,neutral
22991,happy
23028,fear
2305,happy
2307,sad
2308,neutral
23096,neutral
23101,surprise
23114,neutral
23122,happy
23170,sad
23238,neutral
2324,angry
2327,sad
23293,sad
23319,neutral
23320,angry
23321,angry
23334,neutral
23377,disgust
23380,happy
23381,neutral
23419,happy
23440,angry
23453,sad
23462,sad
2350,fear
23501,sad
23525,sad
23555,neutral
23559,sad
23572,happy
23590,surprise
23612,happy
23621,fear
23664,angry
23667,sad
2374,happy
2377,happy
23770,sad
23786,sad
23801,happy
23813,sad
23848,surprise
23862,happy
23865,neutral
23866,happy
23891,sad
23897,angry
23920,happy
23933,fear
23946,disgust
24027,happy
2403,surprise
24054,sad
24055,surprise
24077,angry
24079,sad
24099,happy
2411,neutral
24123,fear
24137,neutral
24148,sad
24161,angry
24189,neutral
24200,surprise
2421,neutral
24211,happy
24219,sad
24224,happy
2424,happy
24241,happy
24259,happy
24263,neutral
24286,angry
24289,fear
24292,happy
24297,angry
24299,neutral
24340,neutral
24354,sad
24355,sad
2436,fear
24360,happy
24380,sad
24390,happy
24391,happy
24393,surprise
24395,sad
24410,happy
24465,sad
24492,neutral
2450,fear
24509,neutral
24521,sad
24530,fear
24535,happy
24536,happy
24570,happy
24607,happy
24633,surprise
24652,fear
24656,neutral
24680,sad
24692,happy
24699,angry
247,happy
24718,happy
2472,surprise
24731,sad
24747,neutral
24764,happy
24769,angry
24777,sad
24783,happy
24823,neutral
2483,happy
24845,fear
24884,fear
24906,neutral
24910,angry
2492,angry
24942,sad
24946,neutral
25006,happy
25017,angry
25028,happy
25037,happy
25039,sad
25048,fear
25058,angry
25123,happy
25163,angry
25180,surprise
25186,angry
25199,sad
25223,happy
25271,happy
25275,fear
25287,sad
25322,neutral
25328,fear
25337,angry
25342,happy
25383,happy
25396,happy
25414,sad
25420,neutral
25431,happy
25438,happy
25443,sad
25454,neutral
25472,sad
25517,angry
25533,surprise
2554,surprise
2556,happy
25578,angry
2559,neutral
25602,happy
25604,neutral
25649,sad
25652,sad
25658,angry
25686,sad
25705,fear
25714,neutral
25719,neutral
25720,sad
25744,neutral
25747,happy
25759,happy
25775,surprise
25809,sad
25839,angry
25887,fear
25902,sad
25927,neutral
25937,fear
25949,happy
25993,sad
26018,sad
2603,sad
26032,fear
26034,angry
26046,sad
26077,fear
26098,sad
26107,sad
2611,happy
26159,neutral
26160,happy
26169,happy
2620,angry
26212,fear
26224,sad
2629,neutral
26338,angry
26370,happy
26397,sad
2640,neutral
26456,happy
26459,neutral
26468,happy
26477,sad
2649,angry
26511,sad
2655,fear
26563,angry
26578,happy
26660,neutral
26665,happy
26667,sad
26676,angry
26703,angry
26720,happy
26736,happy
26775,happy
2678,neutral
26819,happy
26840,surprise
26850,neutral
26873,sad
26888,happy
26891,sad
26906,fear
26909,sad
26913,sad
26935,angry
26960,sad
26963,fear
26967,sad
26978,sad
26981,neutral
27048,happy
27051,sad
27105,surprise
27106,sad
27128,surprise
27140,surprise
27152,neutral
27162,neutral
27172,happy
27187,happy
27196,neutral
27197,neutral
27204,angry
27212,neutral
27227,disgust
27246,angry
27277,happy
27294,sad
2730,fear
27326,fear
27333,happy
27334,neutral
27365,neutral
27367,neutral
27404,sad
27407,sad
27426,happy
27446,neutral
2745,fear
27452,happy
27474,surprise
27508,disgust
2754,neutral
27554,sad
27563,fear
27575,happy
27616,surprise
27619,neutral
27625,surprise
27636,sad
27645,sad
27647,surprise
27648,angry
27662,disgust
27671,fear
27675,sad
27701,neutral
2771,sad
2774,angry
27779,happy
27823,neutral
27854,sad
2790,happy
27928,happy
27931,happy
27932,happy
27940,fear
27944,fear
27949,happy
2796,neutral
28040,happy
28046,sad
2805,angry
2806,happy
2810,happy
28105,sad
28108,angry
28115,fear
28138,neutral
28140,happy
2816,fear
2820,happy
28249,happy
28256,angry
28264,happy
28273,happy
28282,happy
28367,sad
28376,neutral
28379,happy
28383,neutral
28415,happy
28474,happy
28502,neutral
28522,neutral
28529,happy
2857,sad
28581,sad
28590,happy
28594,neutral
28600,happy
2861,happy
28632,happy
2867,happy
28676,sad
28688,happy
28772,surprise
28797,angry
28807,surprise
28814,sad
2885,sad
28871,angry
28897,happy
28928,surprise
28934,surprise
28938,happy
28949,sad
28954,sad
28955,neutral
28962,angry
28963,neutral
28982,happy
29003,angry
29019,sad
29020,sad
29067,surprise
29071,surprise
29074,angry
29111,happy
29123,angry
2913,happy
29185,sad
29211,happy
29214,sad
29248,happy
29258,happy
29290,happy
2930,happy
29300,happy
29329,neutral
29365,sad
29370,angry
2938,sad
29398,happy
29415,surprise
29423,surprise
29456,happy
29460,neutral
29464,happy
29467,angry
29475,happy
2948,happy
29504,sad
29555,happy
29578,surprise
29589,fear
29645,happy
29647,happy
29648,sad
29649,surprise
2965,happy
29680,happy
29697,fear
29699,sad
29707,surprise
29724,angry
29766,happy
29769,happy
29773,angry
29821,happy
29834,happy
29844,angry
2985,happy
29889,happy
29919,fear
29979,neutral
29981,fear
29987,sad
29991,happy
30,fear
30006,surprise
30016,sad
30069,fear
30099,happy
3010,neutral
30102,happy
30114,angry
30119,happy
30127,happy
30143,neutral
3016,sad
30164,happy
30188,happy
30193,angry
30216,angry
3022,happy
30221,disgust
3024,angry
30241,neutral
30245,neutral
3029,sad
30297,happy
30328,happy
30332,angry
30337,happy
30338,happy
30341,sad
30400,angry
30407,neutral
30424,fear
30478,sad
30585,sad
30646,sad
30651,happy
30652,neutral
30661,happy
30675,happy
30683,sad
30689,happy
3069,neutral
30704,sad
30728,happy
30737,surprise
30738,neutral
30749,happy
3077,happy
30772,neutral
30779,surprise
30793,sad
30808,neutral
30820,angry
30822,sad
30823,happy
30825,sad
3083,angry
30830,neutral
30835,sad
30851,angry
30855,happy
30856,happy
3086,surprise
30871,happy
30893,fear
30909,neutral
30948,neutral
30951,neutral
30961,happy
30962,surprise
30965,sad
30981,happy
31010,surprise
31029,fear
31043,fear
31056,angry
3106,happy
31080,happy
31101,angry
31112,surprise
31137,neutral
31140,sad
31141,neutral
31145,angry
3117,neutral
3120,angry
31209,neutral
31239,neutral
31285,angry
31295,surprise
3131,surprise
31316,sad
3132,angry
31366,sad
3138,happy
31384,neutral
3144,angry
31440,sad
3146,surprise
31542,angry
31551,neutral
31571,fear
31572,happy
3162,happy
31627,happy
31629,surprise
31659,neutral
31697,happy
31742,happy
31752,angry
31806,neutral
31811,happy
3182,happy
31833,sad
31853,fear
31858,fear
31870,fear
31897,sad
31908,sad
31929,sad
31952,neutral
31977,angry
31987,happy
32046,neutral
32047,surprise
32048,sad
32051,happy
3209,surprise
32142,sad
32144,sad
3215,sad
32177,neutral
32248,sad
32344,happy
32354,happy
32372,sad
32377,happy
32382,fear
32388,sad
32402,happy
32439,happy
3245,sad
325,sad
3250,sad
32541,sad
32544,fear
32568,neutral
32570,neutral
32574,happy
32595,happy
3260,sad
32607,happy
32614,happy
32624,surprise
32627,neutral
32684,happy
32725,surprise
32763,neutral
32769,surprise
32773,neutral
3278,sad
32796,angry
32826,happy
32835,surprise
32837,happy
32838,sad
32849,happy
32913,angry
32917,sad
32950,sad
32952,happy
32953,neutral
32958,sad
32973,sad
32993,happy
32997,sad
32998,fear
33016,neutral
33017,sad
33024,fear
33046,sad
33065,happy
33066,angry
33071,angry
33084,fear
33091,happy
33094,neutral
331,disgust
3313,surprise
33144,happy
33174,sad
33175,happy
3318,sad
33188,happy
33212,surprise
33216,angry
33228,fear
33231,surprise
33240,neutral
33268,neutral
33283,sad
333,happy
33319,angry
33320,sad
33322,happy
33326,sad
33343,neutral
33357,neutral
33366,surprise
33375,happy
33407,happy
33423,fear
33455,surprise
33460,angry
33463,neutral
33518,sad
33525,happy
33530,neutral
33533,happy
33544,neutral
33564,sad
33610,neutral
33648,sad
33660,angry
33675,happy
33690,angry
33727,happy
33757,happy
33762,neutral
33802,surprise
33807,neutral
33842,neutral
33853,neutral
33874,neutral
33915,happy
33917,surprise
33933,sad
33938,neutral
33981,sad
34015,happy
34049,fear
34057,fear
34098,happy
3410,happy
34102,happy
3411,neutral
34119,surprise
34129,neutral
3414,happy
34170,happy
34219,happy
3422,neutral
34226,happy
34234,happy
34244,surprise
34257,neutral
34295,neutral
34302,sad
3431,neutral
34316,fear
34361,happy
34375,neutral
34386,neutral
34397,angry
34412,angry
34435,angry
34437,neutral
34464,fear
34468,sad
3447,happy
34471,sad
34483,neutral
34498,angry
34510,angry
3452,angry
34567,happy
34569,angry
34585,happy
34599,angry
34600,neutral
34644,angry
34645,happy
34649,happy
3465,sad
34688,fear
34720,neutral
34724,angry
34737,neutral
34753,happy
34756,sad
34759,happy
34761,angry
34768,happy
34772,surprise
34829,fear
34836,neutral
34840,angry
34841,surprise
34861,sad
34941,disgust
34965,sad
34969,happy
34978,neutral
35101,neutral
35117,sad
35142,happy
35153,happy
35163,happy
35177,neutral
35199,happy
35200,happy
35209,happy
35226,angry
35291,neutral
35321,angry
35341,happy
35346,angry
35364,angry
35369,angry
35370,neutral
35372,neutral
3538,surprise
3543,happy
35454,happy
35481,sad
35497,neutral
35520,neutral
35536,happy
35547,sad
35552,happy
35559,surprise
35582,surprise
35598,happy
356,happy
35603,neutral
35659,sad
35664,neutral
35677,fear
35685,surprise
35698,sad
3570,happy
35707,neutral
35721,happy
35724,happy
3574,angry
35767,happy
35771,happy
35787,sad
35792,angry
35794,angry
35804,angry
35850,happy
35856,surprise
35860,sad
35869,surprise
3590,sad
3647,happy
366,happy
3662,neutral
3663,sad
370,happy
3755,angry
3763,happy
3766,neutral
3772,neutral
3811,surprise
3818,sad
3842,neutral
3875,fear
3891,fear
3906,neutral
3958,sad
3959,sad
3969,angry
3977,sad
3978,happy
3982,neutral
4029,neutral
4041,sad
4084,neutral
4090,sad
4094,sad
41,fear
4107,happy
4114,neutral
4133,happy
4156,disgust
4159,happy
4165,sad
4169,sad
4174,sad
4182,sad
4185,sad
4226,happy
4248,fear
4264,fear
4269,disgust
4284,angry
4295,happy
4345,sad
4363,sad
4366,happy
440,fear
4433,sad
446,surprise
4480,fear
4485,happy
4492,neutral
4506,happy
4526,angry
4549,surprise
4558,neutral
4576,fear
4580,surprise
4589,happy
4606,happy
4607,neutral
4620,neutral
4634,happy
4640,surprise
4649,happy
4653,fear
4666,sad
478,surprise
4786,happy
4791,neutral
4797,sad
4803,sad
4814,fear
4827,happy
4832,sad
4849,happy
485,happy
487,surprise
4910,happy
4948,sad
4980,neutral
4988,angry
4996,sad
5006,angry
5008,sad
5048,sad
5062,sad
5089,happy
5102,angry
5127,sad
5154,fear
5176,angry
5209,happy
5264,neutral
5269,angry
527,happy
5278,happy
5279,happy
5289,sad
5293,sad
5303,happy
531,happy
5318,sad
5340,sad
5356,sad
5417,happy
5445,surprise
5452,neutral
5468,neutral
5477,angry
5490,sad
5493,happy
5523,happy
553,neutral
5548,neutral
5558,sad
5594,sad
5618,happy
5674,happy
568,neutral
5694,happy
5705,sad
5714,happy
5719,surprise
5753,neutral
5766,fear
5783,fear
5797,happy
5800,disgust
5807,angry
5812,angry
5835,sad
5857,happy
5891,fear
5904,happy
5919,sad
594,happy
5942,happy
5954,happy
5968,neutral
5977,angry
5988,happy
6029,angry
6045,sad
6052,happy
6095,surprise
6110,happy
6123,surprise
613,happy
6136,happy
6169,surprise
6175,angry
6183,angry
62,disgust
620,happy
6206,surprise
6217,angry
6246,sad
6272,happy
628,neutral
629,happy
6368,happy
6378,sad
639,fear
6394,happy
6403,sad
6416,happy
6444,neutral
6457,fear
6473,angry
6500,angry
6522,angry
6532,angry
655,neutral
657,sad
6577,sad
659,surprise
6603,happy
6616,happy
6677,sad
6686,fear
6689,sad
6691,fear
6700,sad
6703,neutral
674,fear
6744,neutral
6759,angry
6776,happy
6784,happy
6792,fear
681,neutral
6811,fear
6818,neutral
6865,surprise
690,happy
6914,happy
6928,angry
693,happy
6935,happy
6977,surprise
6989,happy
7017,surprise
7020,happy
7026,happy
7029,surprise
7065,happy
7080,happy
7100,neutral
7116,happy
7159,sad
7162,happy
7191,happy
7200,surprise
721,happy
7244,sad
7245,happy
7292,surprise
7299,surprise
7333,happy
7335,angry
7366,sad
7379,happy
738,angry
7392,neutral
7413,neutral
7425,happy
7441,fear
7511,disgust
7531,neutral
7532,neutral
7537,sad
7548,surprise
7561,surprise
7590,happy
7603,surprise
7659,neutral
7664,happy
7672,happy
7674,fear
7680,fear
7700,fear
7702,happy
7712,happy
7713,sad
7737,angry
774,sad
7753,happy
7762,neutral
7804,happy
7813,sad
7815,happy
7827,disgust
7845,happy
7881,angry
7892,happy
7905,happy
7916,neutral
7948,happy
7975,sad
7986,angry
8,neutral
80,happy
8020,neutral
8027,happy
8034,happy
8049,angry
8065,fear
8082,neutral
8086,angry
8089,happy
817,fear
8188,sad
8228,sad
8268,sad
8276,neutral
8284,happy
8293,happy
8301,angry
8303,sad
8316,neutral
8322,neutral
8331,happy
8334,surprise
8338,happy
8355,fear
8424,surprise
8434,surprise
8449,sad
8457,surprise
8473,sad
8539,surprise
8548,sad
8559,angry
856,angry
8649,surprise
8657,neutral
8662,happy
8677,happy
8682,sad
8691,happy
8704,fear
873,fear
8753,happy
8756,sad
8762,happy
880,neutral
8820,happy
8861,happy
8864,sad
8886,fear
8915,happy
8940,happy
895,happy
8960,angry
897,neutral
898,neutral
8993,sad
9005,fear
906,disgust
9060,happy
9070,sad
9071,sad
9085,happy
9094,fear
9147,angry
915,neutral
9152,fear
9167,happy
9174,sad
9180,sad
9202,happy
9206,sad
9222,sad
9246,angry
9272,neutral
9286,sad
9371,surprise
9392,sad
9412,neutral
9416,sad
942,neutral
9437,angry
9442,surprise
9476,sad
9486,sad
951,happy
9538,happy
9542,fear
9570,angry
9571,happy
9598,neutral
9599,fear
9605,sad
9640,neutral
9687,fear
973,fear
9774,sad
9800,happy
9833,happy
9845,angry
9865,fear
9890,sad
9893,fear
9897,sad
9901,neutral
9933,surprise
9977,sad
9979,happy
9984,happy
10033,surprise
10048,neutral
10068,happy
10117,neutral
10118,fear
10134,happy
10150,happy
10247,sad
10266,surprise
10346,surprise
10406,angry
1045,neutral
10512,sad
10518,happy
10533,neutral
10535,happy
10549,happy
10624,neutral
10634,neutral
10653,angry
10676,happy
10693,neutral
10715,happy
10741,angry
10774,angry
10787,angry
10902,happy
10906,angry
10916,neutral
10926,surprise
1093,angry
1094,sad
1101,sad
11022,happy
11032,angry
11034,neutral
11038,happy
11055,happy
11065,happy
11098,happy
11108,surprise
11130,angry
11168,happy
11180,happy
112,sad
11213,surprise
11218,angry
11233,neutral
11251,fear
1126,happy
11269,sad
11277,surprise
11278,fear
11317,happy
11358,angry
11390,fear
11395,happy
1142,sad
11448,fear
11462,neutral
11491,sad
11518,angry
11560,happy
11603,neutral
11654,neutral
11660,happy
11686,happy
11689,happy
11725,happy
11738,sad
11783,happy
11818,happy
11823,happy
11834,surprise
11872,angry
11875,neutral
11889,sad
1189,sad
11913,neutral
11928,angry
11977,fear
12042,surprise
1206,angry
12090,angry
12096,surprise
12100,fear
12106,surprise
12116,sad
12117,sad
12162,surprise
12173,neutral
1220,happy
12202,happy
12215,happy
1222,surprise
1227,happy
12272,happy
12289,happy
12319,disgust
12361,fear
12363,sad
12366,angry
12407,angry
12423,surprise
1248,surprise
12500,surprise
12508,fear
12519,neutral
12569,happy
12647,surprise
12801,neutral
12852,neutral
12869,surprise
12879,fear
12885,happy
12933,neutral
12976,surprise
1300,happy
13047,surprise
1313,surprise
13161,angry
13164,fear
13188,neutral
13212,happy
13237,surprise
13242,happy
1328,neutral
13337,happy
1336,neutral
1339,neutral
13409,sad
13411,angry
13424,fear
13430,angry
13433,sad
13441,sad
13467,disgust
13498,sad
135,happy
13531,sad
13586,happy
13603,angry
13619,happy
13633,happy
13644,sad
13653,neutral
13670,happy
13692,happy
13695,angry
13800,angry
13808,angry
13825,disgust
13834,happy
13843,surprise
13897,happy
13909,surprise
14047,angry
1407,surprise
1411,surprise
14113,happy
14135,happy
14154,neutral
14170,happy
14174,sad
14175,sad
14187,fear
14190,surprise
14224,surprise
14342,neutral
14352,happy
14362,angry
14406,neutral
14436,fear
14481,surprise
14487,neutral
14495,neutral
14496,neutral
14513,surprise
14542,angry
14550,angry
14564,neutral
14641,surprise
14645,happy
14671,sad
14703,happy
14717,surprise
14741,angry
14859,happy
14867,happy
14929,neutral
1493,fear
14957,neutral
14980,happy
15007,happy
15013,neutral
15044,sad
15070,neutral
15102,surprise
15106,angry
15120,happy
15121,sad
15132,sad
15168,happy
15193,fear
15207,surprise
15210,happy
15220,sad
15248,happy
15293,happy
15333,happy
15334,neutral
15350,angry
15366,happy
15387,happy
15405,happy
15441,happy
15445,happy
15459,happy
15529,angry
15536,happy
15568,happy
15570,happy
15611,sad
15634,happy
15638,sad
15651,neutral
15686,fear
15713,fear
15716,fear
15717,fear
1572,angry
15721,angry
15824,happy
15847,angry
15890,happy
15904,happy
15932,sad
15963,angry
16019,fear
16094,surprise
16101,happy
16143,happy
16196,surprise
16257,happy
16324,neutral
16329,happy
16350,neutral
16363,neutral
16389,happy
16419,sad
16463,happy
16464,angry
16476,sad
16478,neutral
16508,surprise
1656,happy
16569,sad
16570,happy
16575,surprise
16685,happy
1669,neutral
16696,neutral
16714,neutral
1675,surprise
16817,sad
16823,angry
1683,neutral
16845,sad
1685,sad
16860,happy
1688,angry
16890,disgust
16964,surprise
16969,surprise
16989,fear
17015,fear
17018,fear
17028,happy
17131,happy
1716,sad
17163,fear
17212,happy
17231,happy
17251,sad
17267,sad
17273,fear
17276,sad
17295,angry
17318,sad
17345,neutral
17359,sad
1737,happy
1738,disgust
17417,neutral
17424,surprise
17538,sad
17555,happy
17563,happy
17582,sad
1759,happy
17598,neutral
17695,neutral
17702,angry
17790,happy
17815,happy
17837,sad
1785,happy
17886,happy
17973,neutral
17980,neutral
18035,neutral
18130,happy
18168,happy
18181,happy
1819,happy
18208,neutral
18223,happy
18281,neutral
18288,sad
1830,happy
18301,fear
18312,happy
18321,angry
18339,sad
1835,neutral
18388,happy
18389,neutral
18431,surprise
18469,sad
18497,angry
18545,neutral
18554,sad
18658,fear
18687,sad
18703,angry
18708,sad
18725,surprise
1874,surprise
18778,fear
18791,surprise
18803,sad
18825,neutral
18909,happy
1892,neutral
18926,happy
1897,sad
18973,surprise
18986,sad
19009,surprise
19131,neutral
19181,angry
19204,happy
19214,happy
19234,angry
19259,sad
19329,angry
19340,happy
19373,fear
19390,neutral
19411,neutral
19435,happy
19495,sad
19533,surprise
19549,surprise
19571,happy
19581,angry
19590,sad
19591,sad
19609,neutral
19615,happy
19643,neutral
1972,happy
19793,happy
19797,happy
19829,happy
19855,happy
19863,angry
1988,sad
19953,sad
19983,angry
19993,happy
20008,happy
20019,sad
20028,surprise
20036,neutral
201,fear
20150,happy
20157,neutral
2019,happy
20223,sad
20257,sad
20272,sad
20274,fear
20289,sad
20360,happy
20372,happy
20416,angry
20432,sad
2044,fear
20514,sad
20517,neutral
2053,sad
20549,sad
20588,angry
20603,sad
20621,happy
20665,happy
20670,neutral
2068,happy
20680,neutral
20737,happy
20814,surprise
20833,fear
20856,angry
20875,neutral
20892,angry
20893,angry
20933,surprise
20948,happy
21025,sad
21030,neutral
21092,neutral
21104,fear
21150,sad
21166,happy
21167,happy
21199,sad
21210,sad
21265,sad
21311,angry
21314,surprise
2133,sad
21337,happy
21351,sad
21377,neutral
21386,sad
21393,neutral
21404,neutral
21451,happy
21455,neutral
21470,angry
21475,neutral
2149,surprise
21557,angry
2156,sad
21589,neutral
21638,neutral
21658,angry
21663,sad
21695,happy
217,surprise
2172,sad
21730,angry
21752,happy
21794,neutral
21812,angry
21817,happy
21822,happy
21852,fear
21862,happy
21880,sad
21962,happy
21971,surprise
22023,sad
22028,angry
2207,neutral
22088,happy
22091,happy
22095,happy
22123,surprise
2216,angry
2223,sad
22267,angry
2227,neutral
22292,sad
22325,angry
22336,fear
22354,happy
22357,happy
22403,sad
22410,sad
22442,sad
22457,angry
22482,angry
22508,fear
22517,happy
22571,happy
22576,happy
22587,sad
22617,happy
22627,fear
22655,happy
22688,sad
22691,sad
22720,happy
2273,sad
22774,neutral
22787,happy
2279,happy
22820,neutral
22867,neutral
22886,angry
22916,fear
22924,happy
22974,sad
22987,surprise
22992,happy
23012,surprise
2303,happy
23039,fear
23057,fear
23103,sad
23119,angry
23167,happy
23172,sad
23186,happy
23204,happy
23216,happy
23224,fear
23244,happy
23272,happy
23291,happy
23343,surprise
23348,sad
23396,angry
23457,sad
23470,sad
23487,fear
23565,happy
23609,neutral
23623,sad
23634,neutral
23666,angry
23691,fear
23722,sad
23725,happy
23741,sad
23794,happy
23858,sad
23869,happy
23929,fear
24003,fear
24051,happy
24065,happy
24101,happy
24104,neutral
24105,sad
24156,sad
24175,sad
24182,sad
24187,sad
24232,neutral
2427,sad
24347,angry
24358,happy
2443,happy
24443,fear
24531,angry
24573,angry
24575,neutral
2458,happy
24725,disgust
24768,sad
24774,angry
24779,sad
24785,sad
24798,sad
24815,angry
24820,happy
24877,fear
24912,neutral
24931,disgust
24962,neutral
24964,happy
25007,neutral
25018,sad
25021,angry
25078,surprise
25089,neutral
25099,sad
2510,happy
25151,angry
25295,angry
25318,angry
2535,fear
25372,fear
25391,sad
25401,neutral
25409,surprise
25451,happy
25497,sad
25507,fear
25520,disgust
25537,sad
25573,happy
25593,surprise
25615,surprise
25627,surprise
25635,sad
2564,happy
25668,happy
25678,happy
25682,happy
25685,happy
25695,happy
25701,happy
25723,happy
25743,happy
25773,neutral
25797,surprise
25800,disgust
25810,surprise
25818,sad
25841,angry
2588,happy
25895,surprise
25915,happy
25919,sad
25969,disgust
25978,neutral
25979,happy
25994,happy
26016,angry
26023,happy
26041,angry
26049,angry
26056,neutral
26067,fear
26069,neutral
26081,surprise
2613,sad
26134,sad
26161,happy
26187,happy
26190,happy
26192,happy
26200,happy
26209,happy
26223,happy
26227,happy
26237,neutral
26318,happy
26364,angry
26411,happy
26453,neutral
26464,happy
26495,sad
26539,sad
26647,happy
26654,angry
26682,angry
26715,angry
26767,angry
2677,sad
26771,sad
26833,sad
26839,neutral
26851,surprise
26892,happy
26901,happy
26961,happy
2699,happy
2710,happy
27115,happy
27190,sad
27218,fear
27229,surprise
2727,angry
27299,surprise
273,sad
27306,sad
27329,disgust
27405,neutral
27465,happy
2747,angry
2750,angry
2753,happy
27533,surprise
27594,happy
27597,neutral
2761,happy
27642,surprise
27646,happy
27650,happy
27683,neutral
27692,neutral
27752,fear
27767,angry
27864,happy
2792,surprise
27985,neutral
27995,angry
28005,fear
28007,happy
28014,sad
28025,fear
28084,fear
28153,neutral
28235,neutral
28251,sad
28269,happy
28278,happy
2829,neutral
28298,happy
28359,happy
28471,fear
28478,happy
28480,neutral
28493,neutral
28499,fear
28507,surprise
28517,neutral
28531,happy
28535,sad
28539,fear
28546,neutral
28549,surprise
28642,surprise
28681,angry
2871,happy
28723,angry
28769,surprise
28782,happy
28836,angry
28842,surprise
28846,neutral
28854,angry
28951,happy
29009,sad
2901,fear
29099,sad
29129,neutral
2914,neutral
29216,sad
29246,happy
29256,fear
29311,happy
29324,angry
29388,happy
29403,happy
29428,happy
29438,neutral
29484,sad
29500,sad
29505,sad
29525,angry
2953,neutral
29556,surprise
29559,fear
2957,surprise
29608,happy
29609,neutral
2962,angry
29637,neutral
29664,neutral
29694,angry
29758,happy
2978,happy
29794,angry
2984,happy
29840,sad
29848,angry
29893,sad
29916,sad
29921,sad
29944,fear
2995,happy
2998,happy
30053,happy
30121,neutral
30167,angry
30197,disgust
30220,angry
30345,angry
30346,neutral
30371,surprise
30374,sad
30422,happy
3050,angry
3051,surprise
30530,sad
30543,angry
30546,happy
30581,sad
30713,sad
30786,happy
30850,neutral
30976,surprise
31057,fear
31123,surprise
31132,happy
31139,happy
3115,neutral
31164,happy
31189,happy
3123,fear
31240,happy
31257,happy
31263,happy
31307,sad
31332,neutral
31347,fear
31371,sad
31373,sad
31478,sad
31483,happy
31486,surprise
31546,sad
31561,happy
31591,angry
31713,sad
3174,sad
31774,happy
31820,surprise
31869,angry
3191,surprise
31949,neutral
31997,sad
3204,sad
32071,neutral
32081,happy
3221,happy
32216,sad
32321,neutral
32330,surprise
32355,surprise
32360,fear
32371,surprise
32391,angry
32443,surprise
32445,happy
32467,happy
3247,surprise
32479,happy
32508,happy
32516,fear
32547,surprise
32587,disgust
32605,happy
32636,sad
32671,fear
32683,happy
32730,fear
3276,happy
32778,happy
32782,angry
32792,fear
32817,sad
32855,sad
32870,happy
32905,happy
32914,surprise
32935,angry
32939,happy
32965,happy
32972,happy
32978,surprise
33005,fear
33013,happy
33022,neutral
33031,sad
33049,happy
33052,surprise
33100,sad
33124,neutral
33159,fear
33182,fear
33219,neutral
33243,surprise
33255,sad
33317,happy
33346,neutral
33381,happy
33399,sad
33452,sad
33468,angry
33471,sad
33514,surprise
33526,neutral
33609,happy
33642,happy
33699,happy
33710,angry
3375,happy
33785,surprise
33794,angry
33813,neutral
33819,neutral
33856,happy
33858,fear
33863,fear
33865,surprise
33870,sad
33880,happy
33894,happy
3395,sad
33965,fear
33999,angry
34037,fear
3404,sad
34059,sad
34088,surprise
34093,sad
34131,sad
34161,sad
34269,sad
34272,neutral
34279,happy
34308,sad
34324,surprise
34335,angry
34513,neutral
34526,fear
34530,happy
34539,angry
34555,neutral
34598,disgust
34612,surprise
34673,neutral
34685,angry
34854,neutral
34870,angry
34875,happy
34920,surprise
34979,happy
3502,fear
35034,surprise
35075,angry
35108,surprise
35129,fear
35183,happy
35216,fear
35229,angry
35241,disgust
35255,neutral
35267,surprise
35332,fear
3535,neutral
35356,surprise
3537,fear
35400,sad
35408,happy
35484,happy
35546,happy
35576,sad
35628,happy
35657,neutral
3566,sad
35704,surprise
3575,happy
35754,surprise
35755,surprise
35764,fear
35775,surprise
35802,happy
35852,happy
3600,neutral
3610,neutral
3700,neutral
3729,fear
3792,happy
3795,neutral
3899,sad
3909,neutral
3929,happy
3932,angry
3953,neutral
3986,angry
405,surprise
4062,sad
4124,fear
4137,happy
4194,happy
4223,angry
4242,sad
4314,neutral
4328,surprise
4339,angry
4372,neutral
4380,surprise
4394,happy
44,happy
4443,neutral
4449,sad
449,sad
4552,happy
4553,fear
4563,surprise
4573,happy
4574,angry
4672,sad
4748,neutral
4752,angry
4770,neutral
4777,happy
4802,fear
4825,neutral
4829,happy
4868,sad
4870,happy
4883,neutral
4888,neutral
4935,angry
4953,fear
4998,happy
5046,sad
5053,surprise
5073,happy
508,sad
5087,happy
5110,neutral
5116,disgust
5170,neutral
5186,happy
5258,surprise
5267,sad
5323,surprise
5345,sad
5361,sad
5385,fear
541,angry
542,happy
5444,surprise
5446,neutral
5449,sad
547,sad
551,surprise
5527,angry
5536,surprise
5549,sad
5561,happy
5591,happy
5651,sad
5687,sad
5695,happy
5708,happy
5713,angry
5715,neutral
5724,happy
5748,neutral
5749,neutral
5784,happy
5792,sad
5811,sad
5831,neutral
584,sad
5853,happy
5865,fear
5912,happy
5931,sad
5953,angry
596,happy
5976,sad
5984,angry
60,angry
601,happy
6078,sad
6103,neutral
615,angry
6158,surprise
6180,angry
6193,happy
6236,happy
6343,sad
6351,sad
6388,angry
6397,happy
6412,neutral
644,happy
649,angry
6502,sad
651,happy
6527,sad
6599,surprise
662,neutral
6664,sad
6710,happy
673,happy
6813,happy
6836,happy
6842,fear
6869,happy
6891,neutral
6934,sad
7008,neutral
7009,happy
7077,sad
7092,surprise
7110,sad
7131,happy
7198,angry
7220,happy
7239,happy
7254,surprise
7273,happy
7274,happy
7348,happy
7361,sad
7376,happy
7398,happy
7462,neutral
7466,happy
7490,fear
7551,sad
7571,angry
7588,happy
7599,neutral
7630,sad
766,fear
767,surprise
7717,happy
7755,happy
7765,neutral
7772,surprise
7773,surprise
7788,happy
7823,sad
7831,fear
7871,happy
7903,fear
7932,happy
7953,neutral
8003,angry
8054,fear
8076,happy
8083,angry
8105,angry
8141,happy
8179,surprise
8211,neutral
8216,neutral
8233,happy
8247,happy
8262,fear
8264,surprise
8280,neutral
8295,happy
8347,angry
8352,happy
8373,neutral
838,fear
8389,happy
8392,fear
841,angry
8410,fear
8471,happy
8483,happy
8498,happy
8516,neutral
8536,angry
855,neutral
8599,sad
8687,happy
8694,fear
8724,sad
8763,happy
8768,angry
8782,surprise
8788,sad
8802,fear
8842,happy
8862,happy
8863,happy
8868,happy
8880,fear
891,neutral
8919,happy
8946,neutral
8976,happy
8980,surprise
9011,surprise
9016,happy
9046,sad
9050,happy
9069,neutral
9099,angry
9128,happy
913,angry
9149,surprise
917,happy
9170,sad
9209,sad
9221,happy
9235,surprise
9252,surprise
9273,happy
9276,angry
9288,sad
9292,neutral
9324,happy
9335,angry
9355,surprise
9356,surprise
9360,neutral
9381,happy
9415,fear
9420,sad
9434,neutral
9453,neutral
9473,sad
9477,neutral
9507,happy
9543,happy
9611,neutral
9701,neutral
9712,neutral
9718,sad
9773,angry
9803,happy
9838,sad
9867,happy
9874,fear
9936,sad
9975,happy
9982,neutral
9993,happy
10004,happy
1003,fear
10031,happy
10073,surprise
10114,happy
10116,fear
10171,angry
10172,happy
10176,disgust
1022,fear
10252,neutral
1026,fear
10339,surprise
10352,fear
10375,sad
10383,happy
10386,sad
10423,sad
10425,angry
10455,angry
10561,sad
10607,happy
10620,surprise
10655,angry
10686,happy
10694,neutral
10713,surprise
10769,disgust
1078,surprise
10871,neutral
10881,happy
10919,fear
11025,sad
11026,happy
11031,neutral
11100,sad
11138,neutral
11140,angry
11163,fear
11192,neutral
11209,fear
11234,happy
11241,angry
11264,sad
11280,surprise
11284,sad
11295,neutral
11316,happy
11346,surprise
11398,fear
1148,sad
115,sad
11523,sad
1156,neutral
11581,sad
11582,surprise
11601,sad
11626,angry
11640,sad
11662,happy
11722,fear
1173,neutral
11746,angry
11790,sad
11794,neutral
11836,sad
11867,sad
11876,angry
11880,happy
11891,happy
11909,sad
11966,angry
11978,neutral
1198,neutral
12040,neutral
12074,neutral
12092,happy
12113,surprise
12119,neutral
12190,fear
12246,sad
12267,fear
12318,happy
12364,happy
12498,fear
12512,happy
12524,angry
12547,fear
12591,sad
12594,happy
12621,disgust
1264,neutral
12648,happy
12659,fear
12661,sad
12702,sad
12758,angry
12791,happy
12818,happy
12827,angry
12899,sad
12958,surprise
1298,disgust
13000,surprise
13027,angry
13051,happy
13091,fear
13150,angry
13162,happy
13180,fear
13187,disgust
13293,fear
13296,sad
13339,surprise
13380,fear
13421,neutral
13483,surprise
13488,neutral
13505,sad
13510,happy
1353,happy
13562,neutral
13575,sad
13598,sad
13631,fear
1364,fear
13666,fear
13714,happy
13726,neutral
13793,sad
13801,happy
13812,happy
13852,neutral
13870,surprise
13888,happy
13907,happy
13940,neutral
13979,happy
13983,angry
14048,sad
14070,fear
14106,happy
14122,sad
14127,happy
14136,angry
1420,happy
14208,angry
14226,disgust
14250,neutral
14346,surprise
14384,happy
14388,happy
14459,sad
14464,angry
14472,angry
14474,sad
14484,fear
14494,neutral
14505,surprise
14522,happy
14524,happy
14561,happy
14572,surprise
14574,happy
14578,surprise
14682,angry
14696,sad
14729,happy
1482,sad
14835,neutral
14836,happy
15052,fear
15078,happy
15090,neutral
15129,happy
15145,happy
15167,fear
15169,happy
15192,happy
15208,happy
15289,happy
15294,happy
1536,neutral
15365,fear
15373,angry
15436,neutral
15447,neutral
15462,neutral
15468,fear
15484,happy
1549,angry
15534,happy
15535,sad
15565,fear
15580,happy
15592,neutral
1560,fear
15613,happy
15642,surprise
15657,sad
15696,happy
15697,fear
15795,sad
15867,happy
15909,angry
15929,disgust
16003,happy
16010,happy
16053,fear
16056,sad
16075,surprise
16087,fear
16125,happy
16151,angry
16208,happy
16304,happy
16338,happy
16387,neutral
16388,angry
16405,happy
16443,angry
1645,happy
16475,sad
16535,sad
16558,fear
16645,neutral
16706,sad
16710,angry
16776,happy
1678,happy
16787,neutral
16798,happy
16821,neutral
16837,happy
16839,happy
16863,surprise
16895,sad
16938,surprise
16962,happy
16985,happy
17003,angry
17011,happy
17100,angry
17128,sad
172,sad
17206,happy
17215,happy
17237,sad
17248,neutral
17257,neutral
17275,neutral
17279,angry
17293,fear
17297,angry
17331,happy
17341,happy
17363,sad
17426,happy
17432,happy
1751,fear
17518,surprise
17597,angry
17607,neutral
17625,surprise
17662,fear
17666,neutral
17678,neutral
17713,happy
17717,sad
1772,fear
17730,neutral
17746,happy
17763,fear
17767,happy
17775,angry
1778,happy
17784,happy
17794,surprise
17887,happy
17912,happy
18047,happy
18067,happy
18101,happy
18120,happy
18180,angry
18193,fear
18260,sad
18270,fear
18300,happy
18345,surprise
18349,sad
18361,neutral
18367,happy
18381,happy
18457,happy
18475,happy
1854,surprise
18550,neutral
18573,happy
18610,neutral
18732,neutral
18734,surprise
18842,surprise
18855,neutral
18872,surprise
18888,sad
18897,sad
1891,sad
18914,sad
18927,neutral
1896,surprise
18962,happy
19029,angry
19049,happy
19082,sad
19084,happy
19095,fear
19145,sad
19165,neutral
19179,surprise
1926,sad
19274,surprise
19285,sad
19303,angry
1931,sad
19364,angry
1937,neutral
19384,fear
19422,fear
19461,sad
19470,neutral
19486,angry
19531,fear
19535,angry
19578,sad
19607,surprise
19663,happy
19674,angry
1973,sad
19731,surprise
19785,neutral
19799,sad
19861,surprise
19864,neutral
19880,happy
19893,neutral
19934,sad
19969,happy
19973,surprise
19975,sad
20,neutral
20072,sad
20073,sad
20104,happy
20171,surprise
20192,angry
20193,sad
20217,neutral
20301,surprise
20313,happy
2039,surprise
20395,angry
20400,angry
20468,happy
20469,happy
20511,sad
20560,sad
20563,sad
20589,surprise
20650,happy
20656,happy
20667,surprise
20750,neutral
2084,fear
20908,happy
2091,fear
20964,angry
20979,surprise
21005,neutral
21029,neutral
21036,neutral
21078,neutral
21082,neutral
21201,fear
21221,surprise
21249,surprise
21275,neutral
21282,angry
21312,neutral
21324,fear
21428,happy
21434,angry
21531,surprise
21535,sad
21549,happy
2157,neutral
21632,happy
21666,sad
21681,happy
21715,sad
21720,neutral
2176,sad
21766,sad
21769,happy
21968,angry
21978,fear
21988,angry
22004,angry
22032,happy
22051,happy
22067,happy
22117,neutral
22241,happy
22255,happy
22271,sad
22319,angry
22335,happy
2238,surprise
2239,sad
22390,surprise
22416,angry
22419,happy
22448,neutral
22449,angry
22452,neutral
22521,neutral
2256,fear
22602,angry
22619,sad
22631,happy
22651,angry
22690,sad
22704,fear
22761,happy
22765,neutral
22766,happy
2278,neutral
22808,happy
22816,surprise
22937,angry
22961,happy
22977,surprise
22989,neutral
23054,fear
23060,happy
231,angry
2312,neutral
23220,happy
23297,happy
23304,happy
23341,sad
23374,neutral
23407,angry
23430,disgust
23452,happy
23471,fear
23483,happy
23507,happy
23542,happy
23549,neutral
23562,neutral
23584,sad
23601,neutral
23654,disgust
23658,neutral
2367,angry
23675,happy
23700,surprise
23715,sad
23748,fear
23760,neutral
23764,happy
23779,neutral
23781,happy
23792,angry
23817,angry
23829,surprise
23832,happy
23853,fear
23884,neutral
23901,fear
23905,happy
23915,neutral
23945,sad
23948,happy
23965,angry
23968,happy
23978,fear
23991,sad
24013,happy
24057,sad
24066,neutral
24087,fear
2412,happy
24133,neutral
24160,fear
24168,happy
24173,happy
2418,sad
24183,happy
24217,fear
24239,sad
24247,surprise
2431,happy
24329,happy
24363,angry
24384,happy
24420,angry
24421,angry
24460,neutral
24473,angry
2451,surprise
24543,surprise
24545,surprise
24582,neutral
24643,happy
24664,neutral
24736,neutral
2476,happy
2478,surprise
2485,happy
24881,happy
24909,sad
24916,fear
2496,angry
2499,neutral
2502,sad
25025,happy
25055,fear
25087,neutral
25117,neutral
25126,fear
25211,fear
25231,happy
25240,sad
25250,neutral
25281,surprise
2530,sad
2533,neutral
25330,angry
25348,sad
25351,happy
25356,happy
25379,happy
25381,happy
2539,surprise
25410,disgust
25412,surprise
25425,angry
2546,neutral
25510,surprise
25529,fear
25576,fear
25582,fear
25597,neutral
25632,angry
25643,fear
2565,sad
25819,neutral
25832,surprise
25843,fear
25920,happy
25961,surprise
25983,happy
25985,sad
26005,sad
26006,happy
26040,disgust
26079,neutral
2615,neutral
26198,fear
26249,neutral
26269,angry
26270,angry
26292,happy
26304,happy
26313,neutral
26321,neutral
2633,sad
26339,sad
26346,happy
2635,happy
26355,sad
26368,surprise
26378,neutral
26398,sad
26404,angry
26443,happy
26484,happy
26501,happy
26543,angry
26566,fear
26573,happy
26581,neutral
26586,sad
26600,happy
26612,surprise
26670,neutral
26675,angry
26683,sad
26702,neutral
26747,disgust
26772,neutral
26834,happy
2690,angry
26959,happy
26970,happy
27005,neutral
27027,happy
27035,neutral
27052,sad
27117,fear
27124,disgust
27258,angry
27292,happy
27305,surprise
27350,surprise
27400,sad
27410,fear
27450,happy
27461,neutral
27471,neutral
2748,neutral
2751,fear
27518,surprise
27522,surprise
27561,angry
27562,neutral
27576,happy
27585,surprise
27588,happy
27629,happy
27681,fear
27694,neutral
27719,sad
27759,happy
27776,happy
27788,angry
27810,fear
2785,sad
27873,happy
2788,neutral
27887,fear
27913,angry
27948,happy
27993,happy
28053,happy
28073,happy
28091,sad
28100,happy
28137,happy
28143,sad
28171,sad
28230,angry
28252,surprise
28272,happy
28294,sad
28296,sad
28396,neutral
28424,happy
28426,neutral
28465,neutral
28552,neutral
28555,neutral
28568,surprise
28596,happy
28696,happy
28700,fear
28794,happy
28895,fear
28966,happy
2902,happy
29058,neutral
29082,sad
29112,angry
29121,fear
29150,angry
29194,sad
29226,surprise
29243,neutral
29295,angry
29298,neutral
29305,neutral
29318,surprise
29322,surprise
2934,surprise
29379,angry
29383,surprise
2945,sad
2950,happy
29529,neutral
29553,neutral
29561,surprise
29580,neutral
29585,sad
29617,angry
29622,neutral
29627,surprise
29628,happy
29632,fear
29652,sad
29692,neutral
29703,happy
29756,fear
29757,neutral
29792,neutral
29819,surprise
29835,happy
29875,angry
29897,neutral
29936,neutral
29937,fear
29941,sad
29970,happy
29973,disgust
29998,happy
30001,fear
30035,sad
30045,happy
30056,happy
3007,neutral
30080,happy
30094,angry
30104,happy
30118,surprise
3012,fear
30144,happy
30170,fear
30181,happy
30219,neutral
30251,surprise
30274,sad
30289,fear
30292,angry
30326,fear
30331,happy
30358,happy
30377,happy
30410,neutral
30439,happy
30440,sad
30462,neutral
30541,angry
30552,happy
3056,angry
30565,happy
3059,happy
30611,neutral
3075,sad
30763,fear
30789,happy
30817,happy
30818,neutral
30853,angry
30867,happy
3088,surprise
3094,fear
31009,happy
31068,surprise
31072,neutral
31099,happy
31104,happy
31113,fear
31149,fear
3118,happy
312,sad
31248,angry
31265,neutral
31328,sad
31367,sad
3139,surprise
31390,sad
31409,surprise
31424,neutral
31506,sad
31510,neutral
31527,neutral
31534,sad
31634,neutral
31643,fear
31653,sad
31663,sad
31665,neutral
31669,sad
3169,sad
31712,neutral
31720,happy
31836,sad
31857,fear
3187,happy
32005,neutral
32029,happy
3206,fear
32139,happy
32175,happy
32183,happy
32189,happy
32202,happy
32268,neutral
32296,sad
32297,happy
3235,happy
32383,happy
32394,fear
32422,sad
32565,neutral
32580,happy
32582,neutral
32613,angry
3263,neutral
32711,surprise
32744,surprise
32768,happy
32814,happy
32818,surprise
32836,neutral
32843,happy
32859,sad
32861,sad
32898,happy
32903,angry
32911,angry
32932,happy
32982,surprise
33089,sad
33152,happy
33213,fear
33227,happy
33247,happy
33276,happy
33295,sad
33302,fear
33331,sad
33371,happy
33373,happy
33421,angry
33492,fear
33516,surprise
33523,sad
33538,sad
33628,happy
33636,sad
33640,neutral
33686,fear
33691,sad
33693,neutral
33736,angry
33747,angry
3378,happy
33780,neutral
33786,surprise
3382,neutral
33820,neutral
33936,surprise
33962,neutral
33988,disgust
3403,happy
34070,happy
34121,happy
34176,fear
34195,angry
34205,sad
34242,happy
34250,sad
3433,sad
34387,neutral
34408,fear
34413,happy
34427,surprise
34477,neutral
34509,happy
34533,neutral
34605,neutral
34610,happy
34629,angry
34633,surprise
34679,surprise
34694,sad
3477,sad
34788,happy
34798,neutral
34799,angry
34820,surprise
34827,angry
34905,sad
34913,angry
34917,angry
3492,surprise
34945,neutral
34985,fear
34988,fear
34991,happy
350,happy
35030,happy
35039,happy
35043,happy
35058,happy
3506,sad
3508,happy
35116,happy
35131,happy
35148,happy
3518,surprise
35192,sad
35214,fear
35297,happy
35318,neutral
35375,fear
35386,happy
35411,neutral
3546,happy
35528,fear
35567,sad
35605,sad
35615,surprise
35639,sad
35691,sad
35737,angry
35768,neutral
35812,happy
35873,fear
359,neutral
3634,fear
3653,sad
3661,disgust
3731,sad
3767,neutral
3825,happy
3855,angry
3869,neutral
3922,surprise
3951,happy
3972,angry
3988,sad
4130,angry
4207,happy
422,neutral
4233,sad
4274,happy
4381,happy
4389,happy
4412,sad
4415,surprise
4441,fear
4482,angry
4534,happy
4572,neutral
4594,happy
4596,surprise
4615,neutral
4624,happy
4697,neutral
4714,sad
4734,neutral
4736,happy
4764,fear
4771,sad
4811,angry
4860,sad
4940,neutral
4951,happy
4958,surprise
4987,sad
5004,neutral
505,happy
5055,fear
5056,neutral
5058,fear
5061,happy
5100,sad
5101,neutral
5107,neutral
5147,sad
5166,surprise
5177,happy
5224,happy
5229,neutral
5374,happy
5435,happy
5466,neutral
5560,happy
5629,surprise
5642,neutral
5689,sad
5710,happy
580,happy
5836,neutral
5910,sad
5995,happy
6025,neutral
6033,disgust
6109,angry
6137,surprise
6149,neutral
6187,sad
6215,neutral
6265,happy
6304,neutral
6312,surprise
6353,fear
6400,angry
6449,happy
6459,neutral
6467,sad
6492,happy
6521,sad
6529,happy
6551,happy
6557,happy
6563,fear
6645,neutral
6660,happy
6720,angry
6735,angry
6771,happy
680,neutral
6833,happy
6860,sad
688,fear
6897,happy
6901,sad
6904,sad
6915,happy
6930,neutral
6957,sad
6960,happy
6964,happy
70,surprise
7030,angry
7037,happy
7039,sad
7119,fear
7121,neutral
7165,sad
7232,surprise
7253,happy
7268,happy
7275,surprise
7287,sad
7301,happy
7337,angry
7371,neutral
7400,sad
7406,angry
7430,happy
7475,happy
7502,happy
7536,neutral
7566,happy
7569,happy
761,fear
7618,angry
7623,surprise
7675,neutral
7679,angry
7724,neutral
7776,angry
7806,sad
7848,happy
7877,angry
7878,fear
7943,fear
7962,happy
7963,surprise
7976,surprise
798,happy
800,sad
8039,surprise
8056,fear
8098,surprise
8099,angry
8102,neutral
8146,sad
8164,angry
8197,fear
8203,happy
822,neutral
8223,sad
8238,sad
8252,happy
8266,angry
8333,happy
8390,angry
8430,neutral
8525,sad
8580,sad
8614,sad
8639,fear
8659,fear
8702,fear
8718,neutral
8738,neutral
8761,surprise
8814,happy
8834,happy
8851,angry
8876,fear
8892,neutral
8925,happy
8953,surprise
8955,sad
8958,sad
9006,happy
9028,happy
9066,neutral
9073,surprise
9082,sad
9087,surprise
9119,happy
9142,fear
9171,fear
9219,disgust
922,angry
9238,neutral
9267,angry
9327,happy
9338,happy
9387,fear
9405,happy
9454,angry
9457,angry
9459,neutral
9463,disgust
9465,happy
9498,sad
9508,surprise
9548,sad
9689,sad
9693,neutral
9713,angry
9769,angry
977,neutral
98,happy
9841,angry
9864,neutral
987,sad
9885,surprise
9889,angry
9923,neutral
10056,surprise
10097,happy
10162,angry
10185,happy
10246,neutral
10259,sad
10268,fear
10306,happy
1033,sad
10365,neutral
10372,happy
10444,surprise
10545,fear
10625,surprise
10701,happy
10734,angry
10755,surprise
10768,sad
10800,surprise
10813,neutral
10820,happy
10837,sad
10866,happy
10909,angry
10931,sad
10950,happy
11000,angry
11043,fear
1107,happy
11126,angry
11139,fear
1118,angry
11302,fear
11414,happy
11418,happy
11429,neutral
11451,neutral
11466,angry
11589,surprise
11670,angry
11721,happy
1176,neutral
11786,angry
11848,sad
11865,angry
11902,sad
12086,sad
12107,neutral
12131,neutral
12134,neutral
12312,angry
12320,sad
12338,happy
1239,happy
12463,happy
12470,angry
1249,angry
12504,fear
12529,sad
12551,surprise
12567,neutral
12626,surprise
12684,fear
12723,angry
12748,angry
12768,neutral
12903,sad
12924,sad
12960,surprise
12973,angry
13009,angry
13080,sad
13101,neutral
13145,happy
13169,happy
13203,happy
13205,happy
13230,surprise
13288,happy
13460,neutral
13521,sad
13622,happy
13684,fear
13740,neutral
1376,angry
13837,neutral
13876,disgust
14080,sad
14091,angry
14115,happy
14305,neutral
14331,angry
14375,fear
1449,surprise
1457,happy
14647,neutral
14691,angry
14697,sad
14798,happy
14914,happy
14927,sad
14968,fear
15008,sad
15034,fear
15037,fear
15047,neutral
15101,happy
1515,neutral
15179,fear
15238,happy
15244,sad
15263,sad
15354,happy
15378,sad
15383,happy
15416,surprise
15454,sad
15467,surprise
15486,sad
15487,fear
15518,angry
15524,neutral
15527,sad
15533,happy
15628,neutral
15635,happy
15788,sad
15802,fear
1583,happy
15922,fear
15944,surprise
16110,angry
16133,disgust
16172,surprise
16229,neutral
16237,fear
16280,sad
16396,happy
16415,angry
16441,sad
16507,sad
16530,sad
16646,angry
16666,surprise
16721,fear
16756,happy
16774,fear
16829,happy
16886,sad
16901,neutral
16947,neutral
16959,angry
16980,neutral
16995,happy
17016,surprise
17019,happy
17027,sad
17044,happy
1710,happy
17137,happy
17148,happy
17157,fear
17161,sad
17177,angry
17205,happy
17245,disgust
17290,angry
17309,happy
1735,happy
17350,happy
17422,sad
17429,fear
17433,neutral
1750,happy
176,fear
17610,sad
1764,neutral
17693,fear
17845,angry
17906,angry
17919,sad
17952,angry
1800,surprise
18026,sad
18038,happy
18132,happy
18198,sad
18285,angry
18313,surprise
18393,happy
18436,angry
18521,neutral
18555,happy
18577,surprise
18613,happy
18615,surprise
18619,angry
18631,neutral
1864,sad
18678,neutral
18706,happy
18742,happy
18862,sad
18864,neutral
19051,angry
1911,sad
1914,neutral
19142,neutral
19177,happy
19187,sad
19267,sad
19314,neutral
19362,neutral
19389,sad
19431,angry
1945,sad
1952,sad
19594,happy
19601,sad
19650,happy
19665,fear
19720,happy
19755,fear
19795,fear
1992,happy
19972,happy
20041,sad
20146,neutral
20148,fear
20162,sad
20167,happy
20262,neutral
20293,neutral
20369,happy
20373,angry
20387,happy
20407,sad
20467,neutral
20573,sad
20584,fear
20594,angry
20664,angry
20691,neutral
20786,happy
20855,sad
20882,sad
2090,happy
20935,disgust
20947,surprise
20967,fear
20989,neutral
21044,neutral
21072,sad
21074,disgust
2114,sad
21148,sad
21151,fear
21153,fear
21154,happy
2119,happy
21217,sad
21233,fear
21239,fear
21299,happy
21417,happy
2146,happy
21461,fear
21468,neutral
21545,surprise
21570,sad
21578,angry
21587,neutral
2168,angry
2173,surprise
21807,neutral
21824,happy
21834,surprise
21887,happy
21896,angry
21906,sad
2195,happy
21973,sad
21987,sad
2200,neutral
22019,surprise
22025,neutral
22128,neutral
22131,angry
22278,angry
2228,sad
22305,happy
22322,sad
2234,neutral
22372,happy
22497,happy
22509,sad
22525,angry
22666,happy
22741,fear
22771,neutral
22864,happy
22921,happy
23053,happy
23151,happy
23155,neutral
23328,happy
23346,angry
23386,happy
23413,happy
23433,fear
23661,fear
23662,happy
23739,neutral
23747,sad
23751,fear
23885,happy
23893,neutral
23917,neutral
23941,neutral
23943,surprise
23949,neutral
24022,angry
24031,fear
24046,sad
24050,sad
24143,surprise
24163,happy
24167,happy
24174,sad
24179,happy
24201,happy
24291,sad
24404,sad
24411,happy
24415,surprise
24432,neutral
24433,disgust
2448,happy
24557,sad
2461,sad
24646,surprise
24668,happy
24756,surprise
24893,sad
24904,fear
24921,neutral
25010,happy
25036,happy
25044,neutral
25107,sad
25143,angry
25188,neutral
25229,happy
25234,happy
25280,sad
2529,surprise
25319,neutral
25390,neutral
25397,neutral
25402,sad
25416,happy
25492,angry
25539,happy
25563,sad
25571,disgust
256,happy
25610,sad
25636,angry
25674,fear
25687,angry
25709,happy
25742,happy
25781,happy
25808,neutral
25906,angry
25959,angry
26076,happy
26087,surprise
26101,happy
26102,surprise
26133,happy
2619,happy
26243,fear
2634,sad
26452,fear
26455,surprise
26483,fear
26487,happy
26500,angry
26556,neutral
26626,sad
26708,surprise
26800,happy
26825,neutral
26907,sad
26910,neutral
26914,happy
26944,neutral
27025,fear
27039,happy
27070,angry
27125,angry
27165,neutral
27174,neutral
27193,neutral
27240,neutral
27270,surprise
27273,fear
27321,angry
27325,surprise
27328,neutral
2744,surprise
27566,surprise
27577,angry
2758,angry
27586,neutral
2759,sad
276,happy
27696,surprise
27737,happy
27756,sad
27774,neutral
27803,happy
27916,sad
27919,neutral
27926,neutral
27933,angry
27973,fear
27979,sad
2803,happy
28076,neutral
28082,sad
28130,fear
28182,fear
28219,neutral
28236,sad
28287,happy
28328,angry
28335,sad
28342,neutral
2835,happy
2837,angry
28370,happy
28421,neutral
28441,happy
28448,happy
28476,neutral
28482,angry
28501,happy
28525,happy
28639,happy
28653,happy
28666,sad
28667,surprise
28727,happy
28803,sad
2886,happy
28864,happy
28901,neutral
29038,fear
29110,sad
29118,happy
29164,neutral
29205,neutral
29225,neutral
29276,neutral
29283,neutral
29354,neutral
2949,fear
29515,neutral
29516,happy
29537,angry
29540,sad
29542,surprise
29551,happy
29557,fear
2956,sad
29568,sad
29618,happy
29619,surprise
29677,happy
29690,sad
29796,happy
29797,sad
29803,happy
29884,angry
29954,happy
3002,neutral
30173,sad
30174,surprise
30184,neutral
30190,neutral
30336,sad
30537,sad
30620,neutral
30625,happy
30628,angry
30714,happy
30726,neutral
30811,neutral
3084,angry
30943,happy
30989,happy
31005,neutral
31054,neutral
31097,disgust
31102,happy
31194,sad
31198,neutral
31206,fear
31223,happy
31353,fear
31364,fear
31533,sad
31563,surprise
3157,neutral
31631,fear
31662,sad
31775,fear
31781,happy
31784,fear
31799,sad
31814,happy
31826,happy
31872,angry
31882,neutral
31899,surprise
31953,neutral
31961,sad
32069,happy
32132,fear
32165,sad
32179,sad
3223,neutral
3224,disgust
32243,happy
32308,happy
32315,surprise
32324,sad
32334,happy
32365,fear
32395,happy
32405,sad
32420,happy
32432,neutral
32510,happy
32530,sad
32630,angry
32695,happy
32727,sad
32734,happy
32753,fear
32756,neutral
32894,surprise
32968,happy
32979,sad
330,fear
33039,sad
33055,happy
33072,sad
33079,happy
33147,sad
33180,fear
33290,happy
33316,neutral
33329,fear
33364,happy
33376,happy
33378,angry
33405,disgust
33411,angry
3354,sad
336,happy
33667,angry
33677,neutral
33745,sad
33759,surprise
33789,happy
33800,neutral
33879,sad
3392,sad
33993,sad
33997,sad
34004,sad
34034,happy
34039,angry
34072,happy
34087,surprise
34134,neutral
34162,happy
34212,sad
3423,happy
34237,happy
34252,neutral
34288,neutral
34385,angry
34400,neutral
34416,surprise
34439,angry
3445,sad
34546,surprise
34557,angry
34664,disgust
34674,neutral
34722,neutral
34787,sad
34813,happy
34844,happy
34904,sad
34926,happy
34984,sad
34986,happy
35049,sad
35063,sad
35083,happy
35084,sad
35118,happy
35121,neutral
35144,angry
35154,fear
35156,sad
35194,surprise
35201,neutral
35212,neutral
35237,sad
35276,surprise
35355,sad
35384,happy
35387,neutral
35399,fear
35511,happy
35524,surprise
35530,surprise
35608,happy
35644,happy
35684,neutral
35688,sad
35757,happy
35790,neutral
35823,happy
35833,happy
35857,fear
35872,happy
3603,neutral
3607,sad
3635,happy
3675,sad
3691,happy
3756,fear
3765,neutral
3858,angry
3874,sad
3878,fear
3925,neutral
4036,neutral
4072,angry
4076,sad
4080,happy
4086,happy
413,neutral
4199,fear
4243,happy
4289,neutral
4347,neutral
435,fear
4352,disgust
438,sad
4390,surprise
4431,neutral
4486,angry
4513,angry
4536,happy
4570,neutral
4621,angry
4636,neutral
4657,sad
4685,sad
4698,surprise
4793,surprise
4895,angry
4912,happy
5037,fear
5077,sad
51,sad
5138,happy
5178,fear
518,sad
5310,neutral
5375,neutral
5419,happy
5450,happy
5513,neutral
5530,neutral
5595,happy
5636,happy
5664,sad
5706,neutral
5771,sad
5778,neutral
5855,happy
5893,disgust
5938,angry
5943,neutral
5997,surprise
6046,surprise
6050,happy
6167,happy
6184,happy
6216,neutral
6219,happy
6247,sad
6309,happy
6360,surprise
6410,neutral
6415,neutral
6425,sad
6427,happy
647,happy
6518,surprise
6598,happy
6647,neutral
670,fear
6711,happy
6716,surprise
675,sad
6797,happy
6877,happy
692,happy
6966,happy
7024,angry
7032,happy
7153,fear
7203,neutral
7211,angry
726,surprise
7459,happy
7512,surprise
7562,angry
7582,surprise
759,happy
7626,sad
7761,sad
7774,sad
78,neutral
783,neutral
7865,fear
7874,sad
788,angry
7926,sad
7957,happy
8016,angry
8021,sad
8042,sad
8063,neutral
8115,happy
8137,happy
8143,angry
8173,neutral
8240,angry
8309,angry
8329,happy
8404,sad
8421,surprise
843,neutral
8439,happy
8478,happy
8489,sad
867,sad
8736,angry
8837,happy
8928,surprise
8973,neutral
9017,sad
9021,happy
9118,neutral
9141,sad
9162,neutral
9309,happy
9367,sad
9380,sad
9450,neutral
9467,happy
947,happy
9499,happy
9541,angry
9546,happy
9560,sad
9630,surprise
9644,angry
9681,fear
9776,neutral
9786,happy
9806,happy
9830,happy
9853,happy
9878,sad
993,neutral
